,title,author,rating,pages,publisher,ISBN,genre,series,author_followers,publish_date
0,The Hate U Give,Angie Thomas,4.52,464,Balzer + Bray,0062498533,Young,0,11980,2017-02-28
1,The Hate U Give,Angie Thomas,4.52,464,Balzer + Bray,0062498533,Young,0,11980,2017-02-28
2,The Hate U Give,Angie Thomas,4.52,464,Balzer + Bray,0062498533,Young,0,11980,2017-02-28
3,Caraval,Stephanie Garber,3.95,407,Flatiron Books,1250095255,Fantasy,1,9756,2017-01-31
4,The Bear and the Nightingale,Katherine Arden,4.12,323,Del Rey Books,1101885939,Fantasy,1,7563,2017-01-10
5,We Were the Lucky Ones,Georgia Hunter,4.4,403,Viking,0399563083,Historical,0,1045,2017-02-14
6,Midnight at the Bright Ideas Bookstore,Matthew J. Sullivan,3.79,328,Scribner,1501116843,Mystery,0,535,2017-06-13
7,The Dry,Jane Harper,4.04,328,Flatiron Books(first published May 31st 2016),1250105609,Mystery,1,5392,2017-01-10
8,American War,Omar El Akkad,3.79,333,Knopf Publishing Group,0451493583,Add,0,598,2017-04-04
9,The Chilbury Ladies' Choir,Jennifer    Ryan,3.98,371,Crown Publishing Group,1101906758,comment,0,848,2017-02-14
10,My Absolute Darling,Gabriel Tallent,3.63,417,Riverhead Books(first published April 29th 2017),0735211175,Fiction,0,850,2017-08-29
11,The Leavers,Lisa Ko,3.87,338,Algonquin Books,1616206888,Fiction,0,711,2017-05-02
12,Stay with Me,Ayọ̀bámi Adébáyọ̀,4.03,260,Knopf Publishing Group(first published March 2nd 2017),0451494601,Fiction,0,1062,2017-08-22
13,All Our Wrong Todays,Elan Mastai,3.76,373,Dutton Books(first published 2016),1101985135,Science,0,664,2017-02-07
14,"Goodbye, Vitamin",Rachel Khong,3.73,208,Henry Holt and Co.(first published June 1st 2017),1250109167,Fiction,0,343,2017-07-11
15,The Animators,Kayla Rae Whitaker,3.97,369,Random House,0812989287,Fiction,0,354,2017-01-31
16,I Liked My Life,Abby Fabiaschi,4.16,272,St. Martin's Press,1250084873,Add,0,522,2017-01-31
17,What We Lose,Zinzi Clemmons,3.62,213,Viking,0735221715,Fiction,0,402,2017-07-11
18,Kings of the Wyld,Nicholas Eames,4.33,502,Orbit,0316362476,Fantasy,1,2724,2017-02-21
19,The Coppersmith Farmhouse,Devney Perry,3.92,376,EverAfter Romance(first published March 9th 2017),1635761212,Romance,1,3585,2017-03-28
20,The Idea of You,Robinne Lee,4.14,372,St. Martin's Griffin,1250125901,Romance,0,854,2017-06-13
21,The Caledonian Gambit,Dan Moren,3.86,293,Talos,1940456843,Science,1,218,2017-05-23
22,The Hate U Give,Angie Thomas,4.52,464,Balzer + Bray,0062498533,Young,0,11980,2017-02-28
23,The Hate U Give,Angie Thomas,4.52,464,Balzer + Bray,0062498533,Young,0,11980,2017-02-28
24,The Hate U Give,Angie Thomas,4.52,464,Balzer + Bray,0062498533,Young,0,11980,2017-02-28
25,Turtles All the Way Down,John Green,3.98,288,Dutton Books for Young Readers,0525555366,Young,0,267618,2017-10-10
26,One of Us Is Lying,Karen M. McManus,4.06,361,Delacorte Press,1524714682,Young,1,5021,2017-05-30
27,The Gentleman's Guide to Vice and Virtue,Mackenzi Lee,4.14,513,Katherine Tegen Books,0062382802,Historical,1,6018,2017-06-27
28,"Always and Forever, Lara Jean",Jenny Han,4.15,325,Simon  Schuster Books for Young Readers,1481430483,Young,1,32340,2017-05-02
29,Geekerella,Ashley Poston,4.01,320,Quirk Books,1594749477,Young,1,2346,2017-04-04
30,Eliza and Her Monsters,Francesca Zappia,4.25,385,Greenwillow Books,0062290134,Contemporary,0,3033,2017-05-30
31,Once and for All,Sarah Dessen,3.76,358,Viking Books for Young Readers,0425290336,Young,0,41340,2017-06-06
32,When Dimple Met Rishi,Sandhya Menon,3.72,380,Simon Pulse,1481478680,Young,1,2221,2017-05-30
33,By Your Side,Kasie West,3.85,346,HarperTeen,0062455869,Young,0,13090,2017-01-31
34,The Upside of Unrequited,Becky Albertalli,3.98,336,Balzer + Bray,0062348701,Young,0,13570,2017-04-11
35,History Is All You Left Me,Adam Silvera,4.07,292,Soho Teen,1616956925,Young,0,16068,2017-01-17
36,The Inexplicable Logic of My Life,Benjamin Alire Sáenz,4.15,452,Clarion Books,0544586506,Young,0,8147,2017-03-07
37,A List of Cages,Robin Roe,4.3,310,Disney-Hyperion,1484763807,Add,0,586,2017-01-10
38,They Both Die at the End,Adam Silvera,4.13,373,HarperTeen,0062457799,Young,0,16068,2017-09-05
39,Stranger Than Fanfiction,Chris Colfer,3.82,295,"Little, Brown Books for Young Readers",0316383449,Young,0,7038,2017-02-28
40,We Are Okay,Nina LaCour,3.96,236,Dutton Books for Young Readers,0525425896,Young,0,3067,2017-02-14
41,Goodbye Days,Jeff Zentner,4.18,399,Crown Books for Young Readers,0553524062,Young,0,1541,2017-03-07
42,Autoboyography,Christina Lauren,4.3,407,Simon & Schuster Books for Young Readers,1481481681,Young,0,24209,2017-09-12
43,Moxie,Jennifer Mathieu,4.32,330,Roaring Brook Press,1626726353,Young,0,886,2017-09-19
44,A Court of Wings and Ruin,Sarah J. Maas,4.48,699,Bloomsbury Childrens Books,1408857901,Fantasy,1,117616,2017-05-02
45,A Court of Wings and Ruin,Sarah J. Maas,4.48,699,Bloomsbury Childrens Books,1408857901,Fantasy,1,117616,2017-05-02
46,A Court of Wings and Ruin,Sarah J. Maas,4.48,699,Bloomsbury Childrens Books,1408857901,Fantasy,1,117616,2017-05-02
47,Lord of Shadows,Cassandra Clare,4.51,701,Margaret K. McElderry Books,1442468408,Fantasy,1,194948,2017-05-23
48,King's Cage,Victoria Aveyard,4.01,507,HarperTeen,0062310690,Fantasy,1,42122,2017-02-07
49,Strange the Dreamer,Laini Taylor,4.33,536,"Little, Brown Books for Young Readers",0316341681,Fantasy,1,31377,2017-03-28
50,Caraval,Stephanie Garber,3.95,407,Flatiron Books,1250095255,Fantasy,1,9756,2017-01-31
51,Tower of Dawn,Sarah J. Maas,4.4,664,Bloomsbury USA Childrens,1681195771,Fantasy,1,117617,2017-09-05
52,Warcross,Marie Lu,4.18,353,G.P. Putnam’s Sons Books for Young Readers,0399547967,Young,1,104074,2017-09-12
53,Scythe,Neal Shusterman,4.36,435,Simon  Schuster Books for Young Readers,1442472421,comment,1,15292,2016-11-22
54,Carve the Mark,Veronica Roth,3.78,468,Katherine Tegen Books,0062348639,Fantasy,1,429118,2017-01-17
55,Our Dark Duet,Victoria Schwab,4.21,512,Greenwillow Books,0062380885,Fantasy,1,49562,2017-06-13
56,Wintersong,S. Jae-Jones,3.57,436,Thomas Dunne Books,1250079217,Fantasy,1,2236,2017-02-07
57,Flame in the Mist,Renée Ahdieh,3.9,392,G.P. Putnam's Sons,0399171630,Fantasy,1,12815,2017-05-16
58,La Belle Sauvage,Philip Pullman,4.17,449,Alfred A. Knopf,0375815309,Add,1,17468,2017-10-19
59,The Language of Thorns: Midnight Tales and Dangerous Magic,Leigh Bardugo,4.42,281,Imprint,125012252X,Fantasy,1,54175,2017-09-26
60,Traitor to the Throne,Alwyn Hamilton,4.33,518,Viking,0451477855,Fantasy,1,3525,2017-03-07
61,The Song Rising,Samantha Shannon,4.16,384,Bloomsbury USA,1632866242,Fantasy,1,7115,2017-03-07
62,All the Crooked Saints,Maggie Stiefvater,3.85,320,Scholastic Press,0545930804,Fantasy,0,129698,2017-10-10
63,Crystal Storm,Morgan Rhodes,4.25,379,Razorbill,1595148221,Fantasy,1,6071,2016-12-13
64,In Other Lands,Sarah Rees Brennan,4.34,437,Big Mouth House(first published June 10th 2014),1618731203,Fantasy,0,4421,2017-08-15
65,The Black Witch,Laurie Forest,4.02,601,Harlequin Teen,0373212313,Fantasy,1,1734,2017-05-02
66,The Ship of the Dead,Rick Riordan,4.38,410,Disney-Hyperion Books,1423160932,Fantasy,0,279353,2017-10-03
67,The Ship of the Dead,Rick Riordan,4.38,410,Disney-Hyperion Books,1423160932,Fantasy,0,279353,2017-10-03
68,The Ship of the Dead,Rick Riordan,4.38,410,Disney-Hyperion Books,1423160932,Fantasy,0,279353,2017-10-03
69,The Dark Prophecy,Rick Riordan,4.25,401,Disney-Hyperion,1484746422,Fantasy,1,279353,2017-05-02
70,Beauty and the Beast: Lost in a Book,Jennifer Donnelly,3.91,341,Disney Press,1484780981,Fantasy,0,5549,2017-01-31
71,Worlds Collide,Chris Colfer,4.55,480,"Little, Brown Books for Young Readers",0316355895,Fantasy,1,7038,2017-07-11
72,Amina's Voice,Hena Khan,3.98,208,Salaam Reads / Simon  Schuster Books for Young Readers,1481492063,Childrens,0,173,2017-03-14
73,See You in the Cosmos,Jack Cheng,4.04,315,Dial Books,0399186379,Childrens,0,224,2017-02-28
74,Beyond the Bright Sea,Lauren Wolk,4.11,304,Dutton Books for Young Readers,1101994851,Historical,0,297,2017-05-02
75,Dragonwatch,Brandon Mull,4.32,384,Shadow Mountain,1629722561,Fantasy,1,7336,2017-03-14
76,Star-Crossed,Barbara Dee,4.22,277,Aladdin,1481478486,Childrens,0,99,2017-03-14
77,Rise of the Isle of the Lost,Melissa de la Cruz,4.08,304,Disney-Hyperion,1484781287,Fantasy,1,12487,2017-05-23
78,The Goldfish Boy,Lisa   Thompson,4.1,320,Scholastic Press,1338053922,Mystery,0,105,2017-02-28
79,Flying Lessons & Other Stories,Ellen Oh,4.1,240,Crown Books for Young Readers,110193459X,Short,0,532,2017-01-03
80,Quests for Glory,Soman Chainani,4.28,568,HarperCollins,0062658476,Fantasy,1,3635,2017-09-19
81,Wishtree,Katherine Applegate,4.3,224,Feiwel  Friends,1250043220,Childrens,0,3588,2017-09-26
82,Talons of Power,Tui T. Sutherland,4.61,336,Scholastic Press,0545685400,Fantasy,1,2189,2016-12-27
83,The Ethan I Was Before,Ali Standish,4.29,368,HarperCollins,0062433385,Childrens,0,138,2017-01-24
84,The Someday Birds,Sally J. Pla,4.26,327,HarperCollins,0062445766,Add,0,94,2017-01-24
85,The Empty Grave,Jonathan Stroud,4.59,437,Disney-Hyperion,1484778723,Fantasy,1,7285,2017-09-12
86,The War I Finally Won,Kimberly Brubaker Bradley,4.51,387,Dial Books,0525429204,Historical,1,1229,2017-10-03
87,"I Love You, Michael Collins",Lauren Baratz-Logsted,4.14,240,"Farrar, Straus and Giroux (BYR)",0374303851,Historical,0,398,2017-06-20
88,We're All Wonders,R.J. Palacio,4.29,32,Alfred A. Knopf Books for Young Readers,1524766496,Childrens,1,5976,2017-03-28
89,We're All Wonders,R.J. Palacio,4.29,32,Alfred A. Knopf Books for Young Readers,1524766496,Childrens,1,5976,2017-03-28
90,We're All Wonders,R.J. Palacio,4.29,32,Alfred A. Knopf Books for Young Readers,1524766496,Childrens,1,5976,2017-03-28
91,Malala's Magic Pencil,Malala Yousafzai,4.54,48,"Little, Brown Books for Young Readers(first published October 3rd 2017)",0316319570,Childrens,0,3324,2017-10-17
92,She Persisted: 13 American Women Who Changed the World,Chelsea Clinton,4.41,32,Philomel Books,1524741728,Childrens,0,103,2017-05-30
93,Over and Under the Pond,Kate Messner,4.05,48,Chronicle Books,1452145423,Childrens,1,1178,2017-03-07
94,"A Greyhound, a Groundhog",Emily Jenkins,3.6,32,Schwartz & Wade Books,0553498053,Childrens,0,110,2017-01-03
95,Triangle,Mac Barnett,3.81,46,Candlewick Press,076369603X,Childrens,1,730,2017-03-14
96,The Book of Mistakes,Corinna Luyken,4.21,56,Dial Books,0735227926,Childrens,0,87,2017-04-18
97,Little Fox in the Forest,Stephanie Graegin,4.28,40,Schwartz & Wade Books,055353789X,Childrens,0,27,2017-02-28
98,The Legend of Rock Paper Scissors,Drew Daywalt,4.3,48,Balzer + Bray,0062438891,Childrens,0,322,2017-04-04
99,"The Youngest Marcher: The Story of Audrey Faye Hendricks, a Young Civil Rights Activist",Cynthia Levinson,4.42,40,Atheneum Books for Young Readers,1481400703,Childrens,0,20,2017-01-17
100,A Different Pond,Bao Phi,4.26,32,Picture Window Books,1479597465,Childrens,0,48,2017-08-01
101,Duck and Hippo in the Rainstorm,Jonathan London,3.97,32,Two Lions,1503937232,Childrens,1,140,2017-03-01
102,Spunky Little Monkey,Bill Martin Jr.,3.76,32,Scholastic Press,0545776430,Childrens,0,218,2017-01-03
103,Franklin's Flying Bookshop,Jen Campbell,4.28,32,Thames & Hudson(first published August 3rd 2017),0500651094,Childrens,1,9942,2017-10-17
104,Be Quiet!,Ryan T.  Higgins,4.2,40,Disney-Hyperion,148473162X,Childrens,0,294,2017-04-04
105,Not Quite Narwhal,Jessie Sima,4.47,36,Simon  Schuster Books for Young Readers,1481469096,Childrens,0,106,2017-02-14
106,Jabari Jumps,Gaia Cornwall,4.32,32,Candlewick Press,0763678384,Childrens,0,28,2017-05-09
107,The Case of the Stinky Stench,Josh Funk,4.03,34,Sterling Children's Books,1454919604,Childrens,1,356,2017-05-02
108,Trollbella Throws a Party: A Tale from the Land of Stories,Chris Colfer,4.09,32,"Little, Brown Books for Young Readers",0316383406,Childrens,1,7038,2017-07-11
109,After the Fall: How Humpty Dumpty Got Back up Again,Dan Santat,4.51,40,Roaring Brook Press,1626726825,Childrens,0,442,2017-10-03
110,Little Fires Everywhere,Celeste Ng,4.11,338,Penguin Press,0735224293,Fiction,0,38032,2017-09-12
111,Little Fires Everywhere,Celeste Ng,4.11,338,Penguin Press,0735224293,Fiction,0,38032,2017-09-12
112,Little Fires Everywhere,Celeste Ng,4.11,338,Penguin Press,0735224293,Fiction,0,38032,2017-09-12
113,Beartown,Fredrik Backman,4.26,418,Atria Books(first published September 15th 2016),1501160761,Fiction,1,23311,2017-04-25
114,Eleanor Oliphant is Completely Fine,Gail Honeyman,4.31,327,Pamela Dorman Books / Viking,0735220689,Fiction,0,6924,2017-05-09
115,My Not So Perfect Life,Sophie Kinsella,3.79,439,The Dial Press,081299826X,Womens,0,29127,2017-02-07
116,The Keeper of Lost Things,Ruth Hogan,3.82,288,William Morrow,0062473530,Fiction,0,1319,2017-02-21
117,Exit West,Mohsin Hamid,3.79,231,Riverhead,0735212171,Fiction,0,2682,2017-03-07
118,"Sing, Unburied, Sing",Jesmyn Ward,4.02,285,Scribner,1501126067,Fiction,1,4304,2017-09-05
119,Rich People Problems,Kevin Kwan,3.94,398,Doubleday,0385542232,Fiction,1,16070,2017-05-23
120,The Identicals,Elin Hilderbrand,3.88,581,"Little, Brown and Company",031655247X,Fiction,0,13457,2017-06-13
121,Anything Is Possible,Elizabeth Strout,3.75,254,Random House,0812989406,Fiction,1,4785,2017-04-25
122,The Refugees,Viet Thanh Nguyen,3.88,209,Grove Press,0802126391,Short,0,2402,2017-02-07
123,This Is How It Always Is,Laurie Frankel,4.26,336,Flatiron Books(first published January 4th 2017),1250088550,Fiction,0,1286,2017-01-24
124,The Leavers,Lisa Ko,3.87,338,Algonquin Books,1616206888,Fiction,0,711,2017-05-02
125,What It Means When a Man Falls from the Sky,Lesley Nneka Arimah,4.09,232,Riverhead Books(first published October 19th 2015),0735211027,Short,0,447,2017-04-04
126,The Ministry of Utmost Happiness,Arundhati Roy,3.48,444,Knopf Publishing Group(first published June 2017),1524733156,Fiction,0,7200,2017-06-06
127,Home Fire,Kamila Shamsie,4.08,276,Riverhead Books,0735217688,Fiction,0,1277,2017-08-15
128,The Almost Sisters,Joshilyn Jackson,3.97,342,William Morrow,006210571X,Fiction,0,4164,2017-07-11
129,Sourdough,Robin Sloan,3.76,259,"MCD Farrar, Straus and Giroux",0374203105,Fiction,0,29473,2017-09-05
130,My Absolute Darling,Gabriel Tallent,3.63,417,Riverhead Books(first published April 29th 2017),0735211175,Fiction,0,850,2017-08-29
131,Young Jane Young,Gabrielle Zevin,3.77,294,Algonquin Books,1616205040,Fiction,0,4367,2017-08-22
132,Into the Water,Paula Hawkins,3.56,386,Riverhead Books,0735211205,Mystery,0,22986,2017-05-02
133,Into the Water,Paula Hawkins,3.56,386,Riverhead Books,0735211205,Mystery,0,22986,2017-05-02
134,Into the Water,Paula Hawkins,3.56,386,Riverhead Books,0735211205,Mystery,0,22986,2017-05-02
135,Origin,Dan Brown,3.85,461,Doubleday Books(first published 2015),0385514239,Fiction,1,78143,2017-10-03
136,Glass Houses,Louise Penny,4.3,391,Minotaur Books,1250066190,Mystery,1,10886,2017-08-29
137,The Good Daughter,Karin Slaughter,4.13,511,William Morrow,0062430246,Mystery,1,24613,2017-08-08
138,The Dry,Jane Harper,4.04,328,Flatiron Books(first published May 31st 2016),1250105609,Mystery,1,5392,2017-01-10
139,Secrets in Death,J.D. Robb,4.29,370,St. Martin's Press,English,Mystery,0,16315,2017-09-05
140,The Girl Before,J.P. Delaney,3.69,341,Ballantine Books,0425285049,Thriller,0,2416,2017-01-24
141,Stillhouse Lake,Rachel Caine,4.11,286,Thomas & Mercer,1477848665,Thriller,1,15718,2017-07-01
142,Mississippi Blood,Greg Iles,4.43,694,William Morrow,0062311158,Fiction,1,4823,2017-03-21
143,The Breakdown,B.A. Paris,3.9,328,St. Martin's Press(first published February 9th 2017),1250122465,Thriller,0,8242,2017-07-18
144,Never Let You Go,Chevy Stevens,3.96,406,St. Martin's Press,English,Thriller,0,5771,2017-03-14
145,Silent Child,Sarah A. Denzil,4.02,413,Createspace Independent Publishing Platform(first published January 22nd 2017),1542722829,Mystery,0,684,2017-01-26
146,Golden Prey,John Sandford,4.3,400,G.P. Putnam's Sons,English,Mystery,0,6067,2017-04-25
147,The Marriage Lie,Kimberly Belle,3.93,334,Mira,0778319768,Mystery,0,1882,2016-12-27
148,The Ghostwriter,Alessandra Torre,4.21,321,DCA,1940941946,Mystery,0,11751,2017-10-02
149,Behind Her Eyes,Sarah Pinborough,3.75,307,Flatiron Books(first published January 26th 2017),125011117X,Thriller,0,3323,2017-01-31
150,The Night Bird,Brian Freeman,3.97,362,Thomas & Mercer,1503941892,Mystery,1,1293,2017-02-01
151,Righteous,Joe Ide,3.85,336,Mulholland Books,0316267775,Mystery,1,647,2017-10-17
152,Last Breath,Robert Bryndza,4.37,368,Bookouture,1786811456,Mystery,1,3776,2017-04-12
153,The Fourth Monkey,J.D. Barker,4.14,404,Houghton Mifflin Harcourt,0544968840,Thriller,1,2412,2017-06-27
154,Before We Were Yours,Lisa Wingate,4.37,342,Ballantine Books,0425284689,Historical,0,5004,2017-06-06
155,Before We Were Yours,Lisa Wingate,4.37,342,Ballantine Books,0425284689,Historical,0,5004,2017-06-06
156,Before We Were Yours,Lisa Wingate,4.37,342,Ballantine Books,0425284689,Historical,0,5004,2017-06-06
157,Lincoln in the Bardo,George Saunders,3.76,343,Random House,0812995341,comments,0,5806,2017-02-14
158,A Column of Fire,Ken Follett,4.21,916,Viking,052595497X,Historical,1,40403,2017-09-12
159,The Alice Network,Kate Quinn,4.26,532,William Morrow Paperbacks,0062654195,comments,0,6524,2017-06-06
160,Beneath a Scarlet Sky,Mark T. Sullivan,4.42,513,Lake Union Publishing,1503943372,Historical,0,1561,2017-05-01
161,The Seven Husbands of Evelyn Hugo,Taylor Jenkins Reid,4.32,391,Atria Books,1501139231,Historical,0,12873,2017-06-13
162,The Tea Girl of Hummingbird Lane,Lisa See,4.24,371,Scribner,1501154826,Historical,0,44508,2017-03-21
163,Pachinko,Min Jin Lee,4.26,489,Grand Central Publishing,1455563935,Historical,0,3024,2017-02-07
164,Moonglow,Michael Chabon,3.81,430,Harper,0062225553,Fiction,0,6613,2016-11-22
165,From Sand and Ash,Amy Harmon,4.39,384,Lake Union Publishing,1503939324,Historical,0,11788,2016-12-01
166,The Last Tudor,Philippa Gregory,3.8,528,Atria Books,147675876X,comment,1,25877,2017-08-08
167,Manhattan Beach,Jennifer Egan,3.62,438,Scribner,1476716730,Historical,0,4742,2017-10-03
168,The Stars Are Fire,Anita Shreve,3.85,256,Knopf Publishing Group,0385350902,Historical,0,3623,2017-04-18
169,The Heart's Invisible Furies,John Boyne,4.47,582,Hogarth Press(first published February 9th 2017),1524760781,Historical,0,6371,2017-08-22
170,A Piece of the World,Christina Baker Kline,3.86,309,William Morrow,0062356267,Historical,0,3974,2017-02-21
171,The Women in the Castle,Jessica Shattuck,3.86,356,William Morrow,0062563661,Add,0,808,2017-03-28
172,We Were the Lucky Ones,Georgia Hunter,4.4,403,Viking,0399563083,Historical,0,1045,2017-02-14
173,Salt Houses,Hala Alyan,3.89,312,Houghton Mifflin Harcourt,0544912586,Fiction,0,171,2017-05-02
174,Love and Other Consolation Prizes,Jamie Ford,3.92,320,Ballantine Books,0804176752,Historical,0,2309,2017-09-12
175,Lilli de Jong,Janet Benton,3.99,352,Nan A. Talese,0385541457,Historical,0,183,2017-05-16
176,Fantastic Beasts and Where to Find Them: The Original Screenplay,J.K. Rowling,4.28,280,Arthur A. Levine Books,1338109065,Fantasy,1,204669,2016-11-18
177,Fantastic Beasts and Where to Find Them: The Original Screenplay,J.K. Rowling,4.28,280,Arthur A. Levine Books,1338109065,Fantasy,1,204669,2016-11-18
178,Fantastic Beasts and Where to Find Them: The Original Screenplay,J.K. Rowling,4.28,280,Arthur A. Levine Books,1338109065,Fantasy,1,204669,2016-11-18
179,Norse Mythology,Neil Gaiman,4.09,299,W. W. Norton & Company,039360909X,comment,0,196547,2017-02-07
180,A Conjuring of Light,V.E. Schwab,4.37,624,Tor Books,0765387468,Fantasy,1,22621,2017-02-21
181,The Bear and the Nightingale,Katherine Arden,4.12,323,Del Rey Books,1101885939,Fantasy,1,7564,2017-01-10
182,Oathbringer,Brandon Sanderson,4.62,1248,Tor Books,076532637X,Fantasy,1,119638,2017-11-14
183,One Fell Sweep,Ilona Andrews,4.49,332,Createspace Independent Publishing Platform(first published December 20th 2016),English,Fantasy,0,22829,2016-12-21
184,Feversong,Karen Marie Moning,4.38,541,Delacorte Press,0425284352,Fantasy,1,25436,2017-01-17
185,Assassin's Fate,Robin Hobb,4.64,847,Del Rey(first published May 4th 2017),0553392956,Fantasy,1,77134,2017-05-09
186,The Stone Sky,N.K. Jemisin,4.35,416,Orbit,0356508684,Fantasy,1,20668,2017-08-15
187,The Fate of the Tearling,Erika Johansen,3.77,478,Harper,0062290428,Fantasy,1,4056,2016-11-29
188,Etched in Bone,Anne Bishop,4.31,397,Roc,045147449X,Fantasy,1,8194,2017-03-07
189,Red Sister,Mark  Lawrence,4.24,469,Ace,1101988851,Fantasy,1,44517,2017-04-04
190,Eleventh Grave in Moonlight,Darynda Jones,4.38,310,St. Martin's Press,1250078210,Fantasy,1,12001,2017-01-24
191,Silence Fallen,Patricia Briggs,4.41,371,Ace Books,0425281272,Fantasy,0,23132,2017-03-07
192,Kings of the Wyld,Nicholas Eames,4.33,502,Orbit,0316362476,Fantasy,1,2724,2017-02-21
193,The Witchwood Crown,Tad Williams,4.12,736,Daw Books,0756410606,Fantasy,1,4956,2017-06-27
194,Sins of Empire,Brian  McClellan,4.43,624,Orbit,0316407216,Fantasy,1,5169,2017-03-07
195,The Land: Raiders,Aleron Kong,4.47,400,,B01N38VFHJ,Fantasy,1,3242,2017-01-28
196,Age of Swords,Michael J. Sullivan,4.3,512,Del Rey Books,1101965363,Fantasy,1,68518,2017-07-25
197,City of Miracles,Robert Jackson Bennett,4.43,451,Broadway Books,0553419730,Fantasy,0,15822,2017-05-02
198,Without Merit,Colleen Hoover,3.91,384,Atria Books,1501179764,Romance,0,327185,2017-10-03
199,Without Merit,Colleen Hoover,3.91,384,Atria Books,1501179764,Romance,0,327185,2017-10-03
200,Without Merit,Colleen Hoover,3.91,384,Atria Books,1501179764,Romance,0,327185,2017-10-03
201,Come Sundown,Nora Roberts,4.1,466,St. Martin's Press,1250123070,Romance,0,36129,2017-05-30
202,Devil in Spring,Lisa Kleypas,4.08,370,Avon,0062371878,Romance,1,19231,2017-02-21
203,White Hot,Ilona Andrews,4.54,389,Avon,006228925X,Fantasy,1,22829,2017-05-30
204,Blood Vow,J.R. Ward,4.41,459,Ballantine Books,045147533X,Fantasy,0,41167,2016-12-06
205,Wait for It,Mariana Zapata,4.24,670,Mariana Zapata,0990429253,Romance,0,14717,2016-12-06
206,Egomaniac,Vi Keeland,4.25,322,Everafter Romance,1682309819,Romance,0,19544,2017-01-16
207,The Gravity of Us,Brittainy C. Cherry,4.42,270,Createspace Independent Publishing Platform,1545117438,Romance,1,8726,2017-04-12
208,Royally Matched,Emma Chase,4.15,264,EverAfter,168230776X,Romance,1,15938,2017-02-21
209,Silver Silence,Nalini Singh,4.27,452,Berkley Books,1101987790,Romance,1,20026,2017-06-13
210,Vicious,L.J. Shen,4.18,338,L.J. Shen,0996135669,Romance,1,16108,2016-12-27
211,Tease,Ella Frank,4.4,354,Everafter Romance(first published May 9th 2017),1635762111,Romance,1,6240,2017-06-01
212,Dirty Filthy Rich Men,Laurelin Paige,4.13,300,Everafter Romance,1942835159,Romance,1,12016,2017-03-27
213,Beard in Mind,Penny Reid,4.25,400,Cipher-Naught(first published July 31st 2017),1942874324,Romance,1,14782,2017-08-02
214,Dating-ish,Penny Reid,4.32,354,Cipher-Naught,1942874235,Romance,1,14782,2017-05-16
215,Breathless,Beverly Jenkins,4.15,384,Avon,0062389025,Romance,1,1906,2017-01-31
216,Forged in Desire,Brenda Jackson,4.04,384,HQN Books,0373790007,Romance,0,2201,2017-01-31
217,The Duchess Deal,Tessa Dare,4.05,370,Avon,0062349066,Romance,1,7764,2017-08-22
218,Damaged Like Us,Krista Ritchie,4.01,347,EverAfter Romance(first published June 27th 2017),1682305295,Romance,1,5306,2017-07-20
219,Drive,Kate  Stewart,4.49,412,CreateSpace Independent Publishing Platform,1978098758,Romance,0,4825,2017-10-13
220,Artemis,Andy Weir,3.67,305,Crown,0553448129,comments,0,21838,2017-11-14
221,Artemis,Andy Weir,3.67,305,Crown,0553448129,comments,0,21838,2017-11-14
222,Artemis,Andy Weir,3.67,305,Crown,0553448129,comments,0,21838,2017-11-14
223,Waking Gods,Sylvain Neuvel,4.05,336,Del Rey,1101886722,Science,1,3968,2017-04-04
224,Thrawn,Timothy Zahn,4.27,427,Random House,1780894848,Media,1,4672,2017-04-06
225,American War,Omar El Akkad,3.79,333,Knopf Publishing Group,0451493583,Add,0,598,2017-04-04
226,Home,Nnedi Okorafor,4.11,164,Tor.com,0765393115,Science,1,8638,2017-01-31
227,Borne,Jeff VanderMeer,3.91,336,"MCD / Farrar, Straus and Giroux",0374115249,Science,1,7780,2017-04-25
228,Babylon's Ashes,James S.A. Corey,4.22,538,Orbit,0356504263,Science,1,11985,2016-12-06
229,All Our Wrong Todays,Elan Mastai,3.76,373,Dutton Books(first published 2016),1101985135,Science,0,664,2017-02-07
230,The Collapsing Empire,John Scalzi,4.1,333,Tor Books,076538888X,Science,1,16648,2017-03-21
231,And the Rest is History,Jodi Taylor,4.44,376,Night Shade(first published April 13th 2017),1597809063,Science,1,2761,2017-07-18
232,For We Are Many,Dennis E. Taylor,4.38,320,Ethan Ellenberg Literary Agency,1680680595,Science,1,3619,2017-04-14
233,All Systems Red,Martha Wells,4.16,152,Tor.com,0765397536,Science,0,4113,2017-05-02
234,Provenance,Ann Leckie,3.81,439,Orbit,031638867X,Add,1,5345,2017-09-26
235,The Rise and Fall of D.O.D.O.,Neal Stephenson,3.87,752,William Morrow,0062409166,Science,0,19397,2017-06-13
236,Raven Stratagem,Yoon Ha Lee,4.14,355,Solaris,1781085374,Science,1,1137,2017-06-13
237,Six Wakes,Mur Lafferty,3.84,364,Orbit,0316389684,Science,0,1149,2017-01-31
238,Fields of Fire,Marko Kloos,4.32,293,47North,1503940713,Science,1,1885,2017-02-28
239,The Stars Are Legion,Kameron Hurley,3.66,396,Angry Robot,0857666614,Science,0,1770,2017-02-02
240,The Punch Escrow,Tal M. Klein,3.6,319,Geek & Sundry,1942645589,Science,0,201,2017-07-25
241,Seven Surrenders,Ada Palmer,4.2,365,Tor Books,0765378027,Science,1,892,2017-03-07
242,Sleeping Beauties,Stephen King,3.73,702,Scribner,150116340X,Horror,0,673342,2017-09-26
243,Sleeping Beauties,Stephen King,3.73,702,Scribner,150116340X,Horror,0,673342,2017-09-26
244,Sleeping Beauties,Stephen King,3.73,702,Scribner,150116340X,Horror,0,673342,2017-09-26
245,Final Girls,Riley Sager,3.81,342,Dutton,1101985364,Thriller,0,4701,2017-07-11
246,Prince Lestat and the Realms of Atlantis,Anne Rice,3.8,451,Knopf,0385353790,Fantasy,1,20636,2016-11-29
247,Meddling Kids,Edgar Cantero,3.56,322,Doubleday Books,0385541996,Horror,0,1042,2017-07-11
248,The Boy on the Bridge,M.R. Carey,3.97,392,Orbit,0316300330,Horror,1,4180,2017-05-02
249,Lost Boy: The True Story of Captain Hook,Christina Henry,4.18,292,Berkley Books,0399584021,Add,0,3502,2017-07-04
250,Full Wolf Moon,Lincoln Child,3.68,244,Doubleday Books,0385531427,Thriller,0,3597,2017-05-16
251,The Changeling,Victor LaValle,3.79,431,Spiegel & Grau,0812995945,Fantasy,0,1293,2017-06-13
252,The Roses of May,Dot Hutchison,4.02,289,Thomas & Mercer,1503939502,Thriller,1,2282,2017-05-23
253,A Game of Ghosts,John Connolly,4.26,464,Hodder & Stoughton,1473641861,Horror,1,5424,2017-04-06
254,The Awakening,Amanda Stevens,4.27,416,Mira,English,Fantasy,0,1999,2017-03-28
255,Dusk or Dark or Dawn or Day,Seanan McGuire,3.81,182,Tor,0765391422,Fantasy,0,10012,2017-01-10
256,What the Hell Did I Just Read,David  Wong,4.17,375,St. Martin's Press,1250040205,Horror,1,3821,2017-10-03
257,White Tears,Hari Kunzru,3.68,271,Knopf Publishing Group,0451493699,Fiction,0,345,2017-03-14
258,Strange Weather,Joe Hill,3.89,432,William Morrow,0062663119,Horror,0,18178,2017-10-24
259,The Delirium Brief,Charles Stross,4.27,368,Tor.com,0765394669,Horror,1,4655,2017-07-11
260,The Kill Society,Richard Kadrey,4.21,416,Harper Voyager,0062474146,Fantasy,1,2851,2017-06-06
261,The Grip of It,Jac Jemc,3.26,276,FSG,0374536910,Horror,0,350,2017-08-01
262,A God in the Shed,J-F Dubeau,3.5,375,Inkshares,194264535X,Horror,0,204,2017-06-13
263,Bone White,Ronald Malfi,3.9,384,Kensington Publishing Corporation(first published July 2017),149670388X,Horror,0,607,2017-07-25
264,"Talking as Fast as I Can: From Gilmore Girls to Gilmore Girls, and Everything in Between",Lauren Graham,3.97,205,Ballantine Books,0425285170,Nonfiction,0,5174,2016-11-29
265,"Talking as Fast as I Can: From Gilmore Girls to Gilmore Girls, and Everything in Between",Lauren Graham,3.97,205,Ballantine Books,0425285170,Nonfiction,0,5174,2016-11-29
266,"Talking as Fast as I Can: From Gilmore Girls to Gilmore Girls, and Everything in Between",Lauren Graham,3.97,205,Ballantine Books,0425285170,Nonfiction,0,5174,2016-11-29
267,I Can't Make This Up: Life Lessons,Kevin  Hart,4.1,378,37 Ink,1501155563,comments,0,295,2017-06-06
268,Unqualified,Anna Faris,3.45,306,Dutton Books,1101986425,Nonfiction,0,155,2017-10-24
269,We Are Never Meeting In Real Life,Samantha Irby,3.92,288,Vintage,1101912197,Nonfiction,0,2791,2017-05-30
270,This Is Just My Face: Try Not to Stare,Gabourey Sidibe,4.03,256,Houghton Mifflin Harcourt,0544786769,comment,0,231,2017-05-01
271,"The Daily Show: An Oral History as Told by Jon Stewart, the Correspondents, Staff and Guests",Chris Smith,4.13,461,Grand Central Publishing,1455565385,Nonfiction,0,29,2016-11-22
272,Theft by Finding: Diaries 1977-2002,David Sedaris,3.93,514,"Little, Brown and Company(first published October 1st 2015)",0316154725,Nonfiction,0,17180,2017-05-30
273,"Believe Me: A Memoir of Love, Death, and Jazz Chickens",Eddie Izzard,3.82,348,Blue Rider Press(first published June 6th 2017),0399175830,Nonfiction,0,313,2017-06-13
274,One Day We'll All Be Dead and None of This Will Matter,Scaachi Koul,3.77,241,Doubleday Canada,0385685351,Nonfiction,0,307,2017-03-07
275,"The Awkward Thoughts of W. Kamau Bell: Tales of a 6' 4"", African American, Heterosexual, Cisgender, Left-Leaning, Asthmatic, Black and Proud Blerd, Mama's Boy, Dad, and Stand-Up Comedian",W. Kamau Bell,3.98,340,Dutton Books,1101985879,Nonfiction,0,175,2017-05-02
276,Al Franken: Giant of the Senate,Al Franken,4.33,406,"Twelve/Hachette Book Group, Inc.(first published May 2017)",1455540412,Nonfiction,0,605,2017-05-30
277,I'm Fine...and Other Lies,Whitney Cummings,3.74,288,G.P. Putnam's Sons,0735212600,Nonfiction,0,97,2017-10-03
278,"Rhett & Link's Book of Mythicality: A Field Guide to Curiosity, Creativity, and Tomfoolery",Rhett McLaughlin,4.34,272,"Little, Brown Book Group(first published October 10th 2017)",0751570575,Add,0,615,2017-10-12
279,Revolution for Dummies: Laughing Through the Arab Spring,Bassem Youssef,4.21,304,Dey Street Books,0062446894,Add,0,217,2017-03-21
280,Vacationland: True Stories from Painful Beaches,John Hodgman,4.09,272,Viking,0735224803,Nonfiction,0,886,2017-10-24
281,Stephen Colbert's Midnight Confessions,Stephen Colbert,3.53,208,Simon  Schuster,English,Humor,0,1186,2017-09-05
282,I Need a Lifeguard Everywhere But the Pool,Lisa Scottoline,3.66,320,St. Martin's Press,1250059968,Nonfiction,1,8906,2017-07-11
283,This Is Really Happening,Erin Chack,4.0,240,Razorbill,0448493586,Nonfiction,0,35,2017-04-25
284,Everything Is Awful: And Other Observations,Matt Bellassai,3.69,247,Atria/Keywords Press,1501166492,Nonfiction,0,31,2017-10-24
285,Waiting for the Punch: Words to Live by from the WTF Podcast,Marc Maron,4.01,416,Flatiron Books,1250088887,Nonfiction,0,231,2017-10-10
286,How to Be a Bawse: A Guide to Conquering Life,Lilly Singh,4.07,315,Ballantine Books,0425286460,Nonfiction,0,859,2017-03-28
287,How to Be a Bawse: A Guide to Conquering Life,Lilly Singh,4.07,315,Ballantine Books,0425286460,Nonfiction,0,859,2017-03-28
288,How to Be a Bawse: A Guide to Conquering Life,Lilly Singh,4.07,315,Ballantine Books,0425286460,Nonfiction,0,859,2017-03-28
289,"Dear Ijeawele, or a Feminist Manifesto in Fifteen Suggestions",Chimamanda Ngozi Adichie,4.54,63,Knopf Publishing Group,152473313X,Nonfiction,0,23322,2017-03-07
290,The Stranger in the Woods: The Extraordinary Story of the Last True Hermit,Michael Finkel,3.88,203,Knopf Publishing Group,1101875682,Nonfiction,0,544,2017-03-07
291,The Lost City of the Monkey God: A True Story,Douglas Preston,3.91,328,Grand Central Publishing,1455540005,Nonfiction,0,8581,2017-01-03
292,From Here to Eternity: Traveling the World to Find the Good Death,Caitlin Doughty,4.29,248,W. W. Norton & Company,0393249891,Add,0,3383,2017-10-03
293,We Were Eight Years in Power: An American Tragedy,Ta-Nehisi Coates,4.43,367,One World,0399590560,Nonfiction,0,8415,2017-10-03
294,"Option B: Facing Adversity, Building Resilience, and Finding Joy",Sheryl Sandberg,3.87,240,WH Allen,0753548283,Add,0,2460,2017-04-24
295,Of Mess and Moxie: Wrangling Delight Out of This Wild and Glorious Life,Jen Hatmaker,4.04,266,Thomas Nelson,0718031849,Nonfiction,0,1668,2017-08-08
296,Word by Word: The Secret Life of Dictionaries,Kory Stamper,4.19,296,Pantheon Books,110187094X,Nonfiction,0,274,2017-03-14
297,Hallelujah Anyway: Rediscovering Mercy,Anne Lamott,3.67,176,Riverhead Books,0735213585,Nonfiction,0,6498,2017-04-04
298,Tears We Cannot Stop: A Sermon to White America,Michael Eric Dyson,4.3,228,St. Martin's Press,1250135990,Nonfiction,0,667,2017-01-17
299,Tools of Titans,Timothy Ferriss,4.17,673,Houghton Mifflin Harcourt,1328683788,Business,0,6090,2016-12-06
300,A Colony in a Nation,Chris Hayes,4.2,256,W. W. Norton  Company,0393254224,Politics,0,89,2017-03-21
301,Braving the Wilderness: The Quest for True Belonging and the Courage to Stand Alone,Brené Brown,4.16,208,Random House,0812995848,Nonfiction,0,18201,2017-09-12
302,American Kingpin: The Epic Hunt for the Criminal Mastermind Behind the Silk Road,Nick Bilton,4.32,328,Portfolio,1591848148,Nonfiction,0,1128,2017-05-02
303,Paperbacks From Hell: The Twisted History of '70s and '80s Horror Fiction,Grady Hendrix,4.34,254,Quirk Books,1594749817,Horror,0,3031,2017-09-19
304,Unshakeable: Creating Peace of Mind In a World of Volatility,Anthony Robbins,4.12,256,Simon & Schuster UK,1471164934,Economics,0,3633,2017-03-01
305,No Is Not Enough: Resisting Trump's Shock Politics and Winning the World We Need,Naomi Klein,4.15,273,Haymarket Books(first published June 7th 2017),1608468909,Nonfiction,0,3405,2017-06-13
306,"American Fire: Love, Arson, and Life in a Vanishing Land",Monica Hesse,3.79,255,Liveright,1631490516,Nonfiction,0,422,2017-07-11
307,Daring to Hope: Finding God's Goodness in the Broken and the Beautiful,Katie Davis Majors,4.54,209,Multnomah Books,0735290512,Nonfiction,0,129,2017-10-03
308,What Happened,Hillary Rodham Clinton,3.97,464,Simon & Schuster,1501175564,Nonfiction,0,1704,2017-09-12
309,What Happened,Hillary Rodham Clinton,3.97,464,Simon & Schuster,1501175564,Nonfiction,0,1704,2017-09-12
310,What Happened,Hillary Rodham Clinton,3.97,464,Simon & Schuster,1501175564,Nonfiction,0,1704,2017-09-12
311,Hunger: A Memoir of (My) Body,Roxane Gay,4.19,306,HarperCollins,0062362593,Nonfiction,0,100964,2017-06-13
312,"Unfiltered: No Shame, No Regrets, Just Me",Lily Collins,3.95,228,HarperCollins,0062473018,Nonfiction,0,551,2017-03-07
313,Daring to Drive: A Saudi Woman's Awakening,Manal Al-Sharif,4.3,289,Simon & Schuster,1476793026,Nonfiction,0,166,2017-06-13
314,You Don't Have to Say You Love Me,Sherman Alexie,4.18,457,"Little, Brown and Company",031627075X,Autobiography,0,5173,2017-06-13
315,The Most Beautiful: My Life with Prince,Mayte Garcia,4.08,304,Hachette Books,0316468975,Nonfiction,0,77,2017-04-04
316,My Lovely Wife in the Psych Ward,Mark Lukach,4.08,320,Harper Wave,006242291X,Nonfiction,0,104,2017-05-02
317,How to Murder Your Life,Cat Marnell,3.8,384,Simon  Schuster(first published January 1st 2017),1476752273,Autobiography,0,305,2017-01-31
318,How Dare the Sun Rise: Memoirs of a War Child,Sandra Uwiringiyimana,4.27,304,Katherine Tegen Books,0062470140,Nonfiction,0,73,2017-05-16
319,The Fact of a Body: A Murder and a Memoir,Alexandria Marzano-Lesnevich,3.83,326,Flatiron Books,1250080541,Nonfiction,0,467,2017-05-16
320,At Home in the World: Reflections on Belonging While Wandering the Globe,Tsh Oxenreider,4.05,288,Thomas Nelson(first published April 2017),140020559X,Nonfiction,0,804,2017-04-18
321,The Rules Do Not Apply,Ariel Levy,3.74,207,Random House,0812996933,Autobiography,0,565,2017-03-14
322,The Bright Hour: A Memoir of Living and Dying,Nina Riggs,4.32,288,Simon and Schuster,1501169351,Autobiography,0,43,2017-06-06
323,When We Rise: My Life in the Movement,Cleve Jones,4.32,291,Hachette Books,0316315435,Nonfiction,0,35,2016-11-29
324,"Insomniac City: New York, Oliver, and Me",Bill Hayes,4.43,294,Bloomsbury USA,1620404931,Nonfiction,0,277,2017-02-14
325,The Polygamist's Daughter,Anna LeBaron,3.69,320,Tyndale House Publishers,1496417550,Nonfiction,0,377,2017-03-21
326,Happiness: The Crooked Little Road to Semi-Ever After,Heather Harpham,4.15,320,Henry Holt & Company,1250131561,Autobiography,0,163,2017-08-01
327,Voice Lessons: A Sisters Story,Cara Mentzel,4.19,259,St. Martin's Press,1250105242,Nonfiction,0,68,2017-10-10
328,I Was Told to Come Alone: My Journey Behind the Lines of Jihad,Souad Mekhennet,4.44,368,Henry Holt & Company,1627798978,Nonfiction,0,138,2017-06-13
329,Priestdaddy,Patricia Lockwood,3.85,336,Riverhead Books,1594633738,Autobiography,0,507,2017-05-02
330,The Radium Girls: The Dark Story of America's Shining Women,Kate  Moore,4.16,479,Sourcebooks(first published April 18th 2017),149264935X,Nonfiction,0,452,2017-05-02
331,The Radium Girls: The Dark Story of America's Shining Women,Kate  Moore,4.16,479,Sourcebooks(first published April 18th 2017),149264935X,Nonfiction,0,452,2017-05-02
332,The Radium Girls: The Dark Story of America's Shining Women,Kate  Moore,4.16,479,Sourcebooks(first published April 18th 2017),149264935X,Nonfiction,0,452,2017-05-02
333,Killers of the Flower Moon: The Osage Murders and the Birth of the FBI,David Grann,4.09,338,Doubleday,0385534248,Nonfiction,0,1489,2017-04-18
334,Victoria The Queen: An Intimate Biography of the Woman Who Ruled an Empire,Julia Baird,4.21,696,Random House,1400069882,History,0,115,2016-11-22
335,Jane Austen at Home,Lucy Worsley,4.26,387,St. Martin's Press(first published May 18th 2017),125013160X,Nonfiction,0,1378,2017-07-11
336,Apollo 8: The Thrilling Story of the First Mission to the Moon,Jeffrey Kluger,4.41,320,Henry Holt and Co.,1627798323,History,0,97,2017-05-16
337,Grant,Ron Chernow,4.54,1074,Penguin Press,159420487X,History,0,3160,2017-10-10
338,"A Hope More Powerful Than the Sea: One Refugee's Incredible Story of Love, Loss, and Survival",Melissa Fleming,4.32,276,Flatiron Books,1250105994,Nonfiction,0,114,2017-01-24
339,The Undoing Project: A Friendship That Changed Our Minds,Michael   Lewis,3.99,368,W. W. Norton & Company,0393254593,Nonfiction,0,7869,2016-12-06
340,On Tyranny: Twenty Lessons from the Twentieth Century,Timothy Snyder,4.21,126,Tim Duggan Books(first published 2016),0804190119,Nonfiction,0,1594,2017-03-28
341,The Blood of Emmett Till,Timothy B. Tyson,4.25,291,Simon & Schuster,1476714843,History,0,134,2017-01-31
342,The Road to Jonestown: Jim Jones and Peoples Temple,Jeff Guinn,4.15,531,Simon  Schuster,1476763828,Nonfiction,0,366,2017-04-11
343,Leonardo da Vinci,Walter Isaacson,4.17,600,Simon & Schuster,1501139150,Biography,0,8885,2017-10-17
344,Get Well Soon: History's Worst Plagues and the Heroes Who Fought Them,Jennifer   Wright,4.24,336,Henry Holt and Co.,1627797467,Nonfiction,0,636,2017-02-07
345,Churchill's Ministry of Ungentlemanly Warfare: The Mavericks Who Plotted Hitler's Defeat,Giles Milton,4.33,368,Picador,1250119022,History,0,289,2017-02-07
346,The Gatekeepers: How the White House Chiefs of Staff Define Every Presidency,Chris Whipple,4.28,384,Crown Publishing Group,0804138249,History,0,39,2017-04-04
347,All the Gallant Men: An American Sailor's Firsthand Account of Pearl Harbor,Donald Stratton,4.45,320,William Morrow,0062645358,Nonfiction,0,13,2016-11-22
348,Huế 1968: A Turning Point of the American War in Vietnam,Mark Bowden,4.4,608,Atlantic Monthly Press,0802127002,History,0,900,2017-06-06
349,The Storm Before the Storm: The Beginning of the End of the Roman Republic,Mike Duncan,4.22,327,PublicAffairs,1610397215,History,0,484,2017-10-24
350,Killing England: The Brutal Struggle for American Independence,Bill O'Reilly,4.24,340,Henry Holt and Co.,1627790640,History,1,1896,2017-09-19
351,"Last Hope Island: Britain, Occupied Europe, and the Brotherhood That Helped Turn the Tide of War",Lynne Olson,4.3,576,Random House,0812997352,History,0,363,2017-04-25
352,Astrophysics for People in a Hurry,Neil deGrasse Tyson,4.1,224,W. W. Norton  Company,0393609391,Nonfiction,0,255748,2017-05-02
353,Astrophysics for People in a Hurry,Neil deGrasse Tyson,4.1,224,W. W. Norton  Company,0393609391,Nonfiction,0,255748,2017-05-02
354,Astrophysics for People in a Hurry,Neil deGrasse Tyson,4.1,224,W. W. Norton  Company,0393609391,Nonfiction,0,255748,2017-05-02
355,Inferior: How Science Got Women Wrong—and the New Research That's Rewriting the Story,Angela Saini,4.06,200,Beacon Press(first published 2016),0807071706,Nonfiction,0,246,2017-05-30
356,"Everybody Lies: Big Data, New Data, and What the Internet Can Tell Us About Who We Really Are",Seth Stephens-Davidowitz,3.92,338,Dey Street Books,0062390856,Nonfiction,1,456,2017-05-09
357,We Have No Idea: A Guide to the Unknown Universe,Jorge Cham,4.26,368,Riverhead Books,0735211515,Science,0,128,2017-05-09
358,The Death and Life of the Great Lakes,Dan Egan,4.33,364,W. W. Norton  Company,0393246434,Nonfiction,0,84,2017-03-07
359,"Other Minds: The Octopus, the Sea, and the Deep Origins of Consciousness",Peter Godfrey-Smith,3.86,257,"Farrar, Straus and Giroux",0374227764,Science,0,224,2016-12-06
360,The Case Against Sugar,Gary Taubes,3.83,384,Knopf Publishing Group,0307701646,Nonfiction,0,430,2016-12-27
361,Cannibalism: A Perfectly Natural History,Bill Schutt,3.86,332,Algonquin Books,1616204621,comment,0,197,2017-02-14
362,"The Nature Fix: Why Nature Makes Us Happier, Healthier, and More Creative",Florence   Williams,3.97,304,W. W. Norton  Company,0393242714,Add,0,105,2017-02-07
363,Hit Makers: The Science of Popularity in an Age of Distraction,Derek   Thompson,3.95,352,Penguin Press,110198032X,Nonfiction,0,77,2017-02-07
364,Behave: The Biology of Humans at Our Best and Worst,Robert M. Sapolsky,4.41,790,Penguin Press,1594205078,Science,0,1686,2017-05-02
365,Barking Up the Wrong Tree: The Surprising Science Behind Why Everything You Know About Success Is (Mostly) Wrong,Eric Barker,4.2,320,HarperOne,0062416049,Nonfiction,0,310,2017-05-16
366,Irresistible: The Rise of Addictive Technology and the Business of Keeping Us Hooked,Adam Alter,3.85,368,Penguin Press(first published 2017),1594206643,Add,0,137,2017-03-07
367,Pandora's Lab: Seven Stories of Science Gone Wrong,Paul A. Offit,4.18,288,National Geographic Society,1426217986,Science,0,189,2017-04-04
368,The Greatest Story Ever Told—So Far: Why Are We Here?,Lawrence M. Krauss,3.8,322,Atria Books,1476777616,Science,0,1298,2017-03-21
369,A Crack in Creation: Gene Editing and the Unthinkable Power to Control Evolution,Jennifer A. Doudna,4.1,304,Houghton Mifflin Harcourt,0544716949,Science,0,67,2017-06-13
370,Whiplash: How to Survive Our Faster Future,Joichi Ito,3.88,320,Grand Central Publishing,1455544590,Nonfiction,0,207,2016-12-06
371,Soonish: Ten Emerging Technologies That'll Improve and/or Ruin Everything,Kelly Weinersmith,3.96,368,Penguin Press,0399563822,Science,0,116,2017-10-17
372,Caesar's Last Breath: Decoding the Secrets of the Air Around Us,Sam Kean,4.22,384,"Little, Brown and Company",0316381640,Science,0,941,2017-07-18
373,Life 3.0: Being Human in the Age of Artificial Intelligence,Max Tegmark,4.06,364,Knopf Publishing Group(first published August 2017),1101946598,Science,0,792,2017-08-29
374,"The Pioneer Woman Cooks: Come and Get It! Simple, Scrumptious Recipes for Crazy Busy Lives",Ree Drummond,4.05,400,William Morrow Cookbooks(first published October 17th 2017),006222526X,Food,0,1403,2017-10-24
375,"The Pioneer Woman Cooks: Come and Get It! Simple, Scrumptious Recipes for Crazy Busy Lives",Ree Drummond,4.05,400,William Morrow Cookbooks(first published October 17th 2017),006222526X,Food,0,1403,2017-10-24
376,"The Pioneer Woman Cooks: Come and Get It! Simple, Scrumptious Recipes for Crazy Busy Lives",Ree Drummond,4.05,400,William Morrow Cookbooks(first published October 17th 2017),006222526X,Food,0,1403,2017-10-24
377,5 Ingredients – Quick  Easy Food,Jamie Oliver,4.12,320,HarperCollins Publishers(first published August 24th 2017),1443455067,Food,0,823,2017-10-24
378,Stirring Up Fun with Food: Over 100 Amazing and Easy Food Crafting Projects,Sarah Michelle Gellar,3.79,288,Grand Central Life & Style(first published April 4th 2017),1455538744,Add,0,32,2017-04-18
379,Give a Girl a Knife,Amy Thielen,3.67,320,Clarkson Potter Publishers,0307954900,Autobiography,0,69,2017-05-16
380,"Whole New You: How Real Food Transforms Your Life, for a Healthier, More Gorgeous You: A Cookbook",Tia Mowry,3.92,320,Ballantine Books,1101967358,Food,0,38,2017-03-14
381,Smitten Kitchen Every Day: Triumphant and Unfussy New Favorites,Deb Perelman,3.94,352,Knopf Publishing Group,1101874813,Food,0,166,2017-10-24
382,BraveTart: Iconic American Desserts,Stella Parks,4.26,400,W. W. Norton  Company,0393239861,Food,0,51,2017-08-15
383,The Cooking Gene: A Journey Through African American Culinary History in the Old South,Michael W. Twitty,4.02,444,Amistad,0062379291,Food,0,113,2017-08-01
384,"Food, Health and Happiness: 115 On-Point Recipes for Great Meals and a Better Life",Oprah Winfrey,3.71,240,Flatiron Books,1250126533,Food,0,3263,2017-01-03
385,"Salt, Fat, Acid, Heat: Mastering the Elements of Good Cooking",Samin Nosrat,4.52,480,Simon  Schuster,1476753830,Food,0,337,2017-04-25
386,"Cork Dork: A Wine-Fueled Adventure Among the Obsessive Sommeliers, Big Bottle Hunters, and Rogue Scientists Who Taught Me to Live for Taste",Bianca Bosker,3.9,329,Penguin Books,0143128094,Nonfiction,0,115,2017-03-28
387,Grocery: The Buying and Selling of Food in America,Michael Ruhlman,3.71,307,Harry N. Abrams,1419723863,Nonfiction,0,256,2017-05-16
388,The Wellness Mama Cookbook: 200 Easy-To-Prepare Recipes and Time-Saving Advice for the Busy Cook,Katie  Wells,3.88,336,Harmony(first published December 2016),0451496914,Food,0,20,2016-12-27
389,Coming to My Senses: The Making of a Counterculture Cook,Alice Waters,3.34,304,Clarkson Potter Publishers,030771828X,Food,0,193,2017-09-05
390,"Ready or Not!: 150+ Make-Ahead, Make-Over, and Make-Now Recipes by Nom Nom Paleo",Michelle Tam,4.48,352,Andrews McMeel Publishing,1449478298,Food,0,103,2017-08-01
391,Love Real Food: More Than 100 Feel-Good Vegetarian Favorites to Delight the Senses and Nourish the Body,Kathryne Taylor,4.43,272,Rodale Books,1623367417,Food,0,4,2017-05-16
392,Eight Flavors: The Untold Story of American Cuisine,Sarah Lohman,3.93,304,Simon  Schuster,1476753954,Food,0,29,2016-12-06
393,A Really Big Lunch: Meditations on Food and Life from the Roving Gourmand,Jim Harrison,4.01,275,Grove Press,0802126464,Food,0,929,2017-03-24
394,Sweet,Yotam Ottolenghi,4.34,368,Ten Speed Press(first published September 7th 2017),1607749149,Food,0,435,2017-10-03
395,Half Baked Harvest Cookbook: Recipes from My Barn in the Mountains,Tieghan Gerard,4.35,304,Clarkson Potter Publishers,0553496395,Food,0,20,2017-09-12
396,Big Mushy Happy Lump,Sarah Andersen,4.29,128,Andrews McMeel Publishing,1449479618,Sequential,1,5441,2017-03-07
397,Big Mushy Happy Lump,Sarah Andersen,4.29,128,Andrews McMeel Publishing,1449479618,Sequential,1,5441,2017-03-07
398,Big Mushy Happy Lump,Sarah Andersen,4.29,128,Andrews McMeel Publishing,1449479618,Sequential,1,5441,2017-03-07
399,"Wonder Woman, Volume 1: The Lies",Greg Rucka,3.9,176,DC Comics(first published February 17th 2017),1401267785,Sequential,1,1419,2017-02-28
400,"Saga, Vol. 7",Brian K. Vaughan,4.51,152,Image Comics,1534300600,Sequential,1,10006,2017-04-04
401,Wires and Nerve,Marissa Meyer,4.15,238,Feiwel  Friends,1250078261,Sequential,1,82694,2017-01-31
402,"Monstress, Vol. 2: The Blood",Marjorie M. Liu,4.33,152,Image Comics,1534300414,Sequential,1,2817,2017-07-05
403,Real Friends,Shannon Hale,4.13,224,First Second,1626724164,Sequential,1,10926,2017-05-02
404,"Ms. Marvel, Vol. 6: Civil War II",G. Willow Wilson,4.22,136,Marvel,0785196129,Sequential,1,2490,2016-12-14
405,Everyone's a Aliebn When Ur a Aliebn Too,Jomny Sun,4.07,304,Harper Perennial,0062569023,Sequential,0,307,2017-06-27
406,The Best We Could Do,Thi Bui,4.38,329,Harry N. Abrams,1419718770,Sequential,1,323,2017-03-07
407,"Paper Girls, Vol. 2",Brian K. Vaughan,4.15,128,Image Comics,1632158957,Sequential,0,10006,2016-11-30
408,Band Together,Noelle Stevenson,4.0,112,BOOM! Box,1608869199,Sequential,1,3082,2016-12-13
409,"My Favorite Thing Is Monsters, Vol. 1",Emil Ferris,4.16,414,Fantagraphics,1606999591,Sequential,1,550,2017-02-14
410,"The Legend of Korra: Turf Wars, Part One",Michael Dante DiMartino,4.28,76,Dark Horse,1506700152,Fantasy,1,630,2017-07-26
411,"The Vision, Volume 2: Little Better than a Beast",Tom King,4.43,136,Marvel(first published November 30th 2016),0785196587,Sequential,1,1036,2016-12-13
412,"The Black Monday Murders, Vol. 1: All Hail, God Mammon",Jonathan Hickman,4.17,240,Image Comics,1534300279,Sequential,1,1125,2017-01-25
413,"Black Hammer, Vol. 1: Secret Origins",Jeff Lemire,4.2,184,Dark Horse,1616557869,Sequential,1,2362,2017-04-25
414,"Bitch Planet, Vol. 2: President Bitch",Kelly Sue DeConnick,4.28,144,Image Comics,1632157179,Sequential,1,2046,2017-06-06
415,"Imperial Phase, Part I",Kieron Gillen,4.01,200,Image Comics,1534301852,Sequential,0,1263,2017-06-07
416,Username: Uprising,Joe Sugg,3.97,192,Hodder & Stoughton,B06XC69N4R,Sequential,1,602,2017-09-21
417,Spill Zone,Scott Westerfeld,4.03,224,First Second,159643936X,Sequential,1,17765,2017-05-02
418,The Sun and Her Flowers,Rupi Kaur,4.17,256,Andrews McMeel Publishing,1449486797,Poetry,0,16757,2017-10-03
419,The Sun and Her Flowers,Rupi Kaur,4.17,256,Andrews McMeel Publishing,1449486797,Poetry,0,16757,2017-10-03
420,The Sun and Her Flowers,Rupi Kaur,4.17,256,Andrews McMeel Publishing,1449486797,Poetry,0,16757,2017-10-03
421,Depression & Other Magic Tricks,Sabrina Benaim,3.8,75,Button Poetry(first published August 18th 2017),1943735204,Poetry,0,410,2017-08-22
422,Solo,Kwame Alexander,3.98,464,Blink,0310761832,Poetry,0,1643,2017-07-25
423,Love Her Wild,Atticus Poetry,4.03,225,Atria Books,1501171232,Poetry,0,2139,2017-07-11
424,Long Way Down,Jason Reynolds,4.34,306,Atheneum/Caitlyn Dlouhy Books,1481438255,Young,0,3883,2017-10-24
425,We Come Apart,Sarah Crossan,3.68,336,Bloomsbury Childrens,1408878860,Poetry,0,1190,2017-02-09
426,New American Best Friend,Olivia Gatwood,4.33,55,Button Poetry,1943735107,Poetry,0,261,2017-03-28
427,There Are More Beautiful Things Than Beyoncé,Morgan  Parker,4.01,85,Tin House Books,1941040535,Poetry,0,340,2017-02-14
428,Plum,Hollie McNish,4.04,125,Picador,1509815767,Poetry,0,74,2017-06-15
429,Electric Arches,Eve L. Ewing,4.28,94,Haymarket Books(first published August 21st 2017),1608468569,Poetry,0,561,2017-09-12
430,Magdalene,Marie Howe,4.1,96,W. W. Norton  Company,0393285308,Poetry,0,161,2017-03-28
431,Adultolescence,Gabbie Hanna,3.6,248,Atria/Keywords Press(first published September 9th 2017),1501178326,Add,0,210,2017-09-19
432,Broken Wishbones and Empty Spaces,Pyrokardia,3.41,128,CreateSpace Independent Publishing Platform,1539668150,Poetry,0,29,2017-01-22
433,When I Grow Up I Want to Be a List of Further Possibilities,Chen  Chen,4.28,96,BOA Editions Ltd.,1942683332,Poetry,0,61,2017-04-11
434,Nature Poem,Tommy Pico,4.42,78,Tin House Books,1941040632,Poetry,0,135,2017-05-09
435,"Exits, Desires, and Slow Fires",J.R. Rogue,4.22,81,,English,Poetry,0,532,2017-09-21
436,Magic with Skin On,Morgan Nikola-Wren,4.07,144,Luminarium Press,0998589802,Poetry,0,97,
437,Portrait of the Alcoholic,Kaveh Akbar,4.48,45,"Sibling Rivalry Press, LLC",1943977275,Poetry,0,244,2017-01-26
438,Don't Call Us Dead,Danez Smith,4.52,96,Graywolf Press,1555977855,Poetry,0,357,2017-09-05
439,Hard Child,Natalie Shapero,4.13,96,Copper Canyon Press,1556595093,Poetry,0,11,2017-04-11
