,title,author,rating,pages,publisher,genre,series,author_followers,publish_date,ISBN
0,"""I Give You My Body . . ."": How I Write Sex Scenes",Diana Gabaldon,4.19,118,Dell(first published August 2016),Nonfiction,0,144140.0,2016-08-16,9780399178573
1,Most Blessed of the Patriarchs: Thomas Jefferson and the Empire of the Imagination,Annette Gordon-Reed,3.71,400,Liveright,History,0,107.0,2016-04-13,9780871404428
2,"#AskGaryVee: One Entrepreneur's Take on Leadership, Social Media, and Self-Awareness",Gary Vaynerchuk,4.2,384,Harper Business,Business,0,1931.0,2016-03-08,9780062273123
3,#GIRLBOSS,Sophia Amoruso,3.69,256,Portfolio,Add,0,904.0,2014-05-06,9780399169274
4,#IMomSoHard,Kristin Hensley,4.11,288,HarperOne,Add,0,140.0,2019-04-02,9780062857699
5,,,,,,,0,,,9781984801838
6,'Til Death Do Us Part,Amanda Quick,3.81,352,Penguin Publishing Group,Romance,0,3911.0,2016-04-19,9780698193611
7,"F*ck, That's Delicious: An Annotated Guide to Eating Well",Action Bronson,4.17,192,Harry N. Abrams,Food,0,13.0,2017-09-12,9781419726552
8,"1,000 Places to See Before You Die: Revised Second Edition",Patricia Schultz,3.85,1216,Workman Publishing Company(first published January 1st 2003),Travel,0,68.0,2015-07-01,9780761156864
9,10-Day Green Smoothie Cleanse: Lose Up to 15 Pounds in 10 Days!,J.J. Smith,4.12,167,Adiva Publishing(first published February 1st 2014),Health,0,60.0,2014-02-09,9780982301821
10,"100 Deadly Skills: The SEAL Operative's Guide to Eluding Pursuers, Evading Capture, and Surviving Any Dangerous Situation",Clint Emerson,3.74,272,Atria Books,Nonfiction,0,38.0,2015-10-13,9781476796062
11,"101 Dog Tricks: Step by Step Activities to Engage, Challenge, and Bond with Your Dog",Kyra Sundance,3.93,208,Quarry Books(first published January 1st 2007),Animals,0,14.0,2007-04-01,9781592533251
12,,,,,,,0,,,9781250232649
13,11/22/63,Stephen King,4.31,849,Scribner,Fiction,0,673112.0,2011-11-08,9781451627282
14,113 Minutes,James Patterson,3.76,139,BookShots,Fiction,0,281261.0,2016-09-06,9780316317184
15,12: The Inside Story of Tom Brady's Fight for Redemption,Casey Sherman,3.93,320,"Little, Brown and Company",Sports,0,49.0,2018-07-31,9780316416382
16,12 Beast Vol. 3,OKAYADO,4.02,176,Seven Seas(first published August 9th 2015),Sequential,0,33.0,2016-02-09,9781626922617
17,13 Hours,Mitchell Zuckoff,4.28,328,Twelve,Nonfiction,0,506.0,2014-09-09,9781455582273
18,14th Deadly Sin,James Patterson,4.04,349,"Little, Brown and Company",Mystery,1,281261.0,2015-05-04,9780316407021
19,15th Affair,James Patterson,4.09,351,"Little, Brown and Company",Mystery,1,281261.0,2016-05-02,9780316407076
20,16th Seduction,James Patterson,4.07,350,"Little, Brown and Company",Mystery,1,281261.0,2017-05-01,9780316274036
21,21 Lessons for the 21st Century,Yuval Noah Harari,4.19,372,Spiegel & Grau(first published August 30th 2018),Nonfiction,0,17044.0,2018-09-04,9780525512172
22,"26 Marathons: What I've Learned About Faith, Identity, Running, and Life From Each Marathon I've Run",Meb Keflezighi,4.23,256,Rodale Books,Sports,0,38.0,2019-03-19,9781635652888
23,,,,,,,0,,,9781465425089
24,32 Yolks: From My Mother's Table to Working the Line,Eric Ripert,3.9,247,Random House(first published April 12th 2016),Food,0,125.0,2016-05-17,9780812992984
25,4 3 2 1,Paul Auster,3.84,866,Henry Holt and Co.,Fiction,0,8519.0,2017-01-31,9781627794466
26,41: A Portrait of My Father,George W. Bush,4.14,294,Crown,Biography,0,844.0,2014-11-11,9780553447781
27,42 Faith: The Rest of the Jackie Robinson Story,Ed Henry,4.16,368,Thomas Nelson,Biography,0,4.0,2017-04-04,9780718088804
28,50 Children: One Ordinary American Couple's Extraordinary Rescue Mission into the Heart of Nazi Germany,Steven Pressman,4.01,336,Harper,Nonfiction,0,8.0,2014-04-22,9780062237491
29,"50 Years, 50 Moments: The Most Unforgettable Plays in Super Bowl History",Jerry Rice,3.94,464,Dey Street Books(first published October 27th 2015),Sports,0,10.0,2015-11-03,9780062302601
30,The 5th Wave,Rick Yancey,4.06,457,G.P. Putnam's Sons Books for Young Readers,comments,1,9521.0,2013-05-07,9780399162411
31,7 Lessons from Heaven: How Dying Taught Me to Live a Joy-Filled Life,Mary C. Neal,4.09,288,Convergent Books,Nonfiction,0,42.0,2017-09-19,9780451495426
32,81 Days Below Zero: The Incredible Survival Story of a World War II Pilot in Alaska's Frozen Wilderness,Brian Murphy,3.68,238,Da Capo Press,Nonfiction,0,22.0,2015-06-02,9780306823282
33,A Beautiful Day in the Neighborhood: The Poetry of Mister Rogers,Fred Rogers,4.4,144,Quirk Books,Poetry,0,503.0,2019-03-19,9781683691136
34,A Better Man,Louise Penny,4.38,437,Minotaur Books,Mystery,1,10880.0,2019-08-27,9781250066213
35,A Brief History of Time,Stephen Hawking,4.17,212,Bantam Books(first published April 1st 1988),Add,0,8809.0,1998-09-01,9780553380163
36,A Buccaneer at Heart,Stephanie Laurens,3.8,480,Mira,Romance,1,4621.0,2016-04-26,9780778318781
37,A Burglar's Guide to the City,Geoff Manaugh,3.33,296,Fsg Originals(first published March 17th 2015),Nonfiction,0,30.0,2016-04-05,9780374117269
38,A Certain Justice,P.D. James,3.93,464,Ballantine Books(first published October 1st 1997),Mystery,1,2307.0,2003-11-04,9780345425324
39,"A Chance in the World: An Orphan Boy, a Mysterious Past, and How He Found a Place Called Home",Steve  Pemberton,4.22,261,Thomas Nelson,Nonfiction,0,6.0,2012-01-09,9781595554161
40,A Child of Books,Oliver Jeffers,4.13,40,Candlewick Press,Add,0,1616.0,2016-09-06,9780763690779
41,A Child's First Book of Trump,Michael Ian Black,4.24,32,Simon  Schuster Books for Young Readers,Humor,0,329.0,2016-07-05,9781481488006
42,A Clash of Kings,George R.R. Martin,4.41,1010,Bantam Books(first published November 16th 1998),Add,1,92705.0,,9780553579901
43,A Colony in a Nation,Chris Hayes,4.2,256,W. W. Norton  Company,Politics,0,89.0,2017-03-21,9780393254228
44,A Column of Fire,Ken Follett,4.21,916,Viking,Historical,1,40398.0,2017-09-12,9780525954972
45,A Course Called Scotland: Searching the Home of Golf for the Secret to Its Game,Tom Coyne,4.28,336,Simon  Schuster,Sports,0,12.0,2018-07-03,9781476754284
46,Creepy Pair of Underwear!,Aaron Reynolds,4.26,48,Simon  Schuster Books for Young Readers,Childrens,0,0.0,2017-08-15,9781442402980
47,A Curious Mind: The Secret to a Bigger Life,Brian Grazer,3.36,320,Simon  Schuster(first published April 7th 2014),Nonfiction,0,81.0,2015-04-07,9781476730752
48,A Curse So Dark and Lonely,Brigid Kemmerer,4.23,484,Bloomsbury YA,Fantasy,1,6032.0,2019-01-29,9781681195087
49,A Dance with Dragons,George R.R. Martin,4.33,1016,Bantam,comments,0,92705.0,2011-07-12,9780553801477
50,,,,,,,0,,,9780525535683
51,A Day in the Life of Marlon Bundo,Jill Twiss,4.72,34,Chronicle Books,Childrens,0,45.0,2018-03-18,9781452173801
52,A Delicate Touch,Stuart Woods,3.85,320,G.P. Putnam's Sons,Mystery,0,2097.0,2018-12-31,9780735219250
53,A Discovery of Witches,Deborah Harkness,4.0,579,Viking Penguin,Fantasy,0,21557.0,,9780670022410
54,A Dog's Journey,W. Bruce Cameron,4.41,336,Forge(first published September 19th 2012),Fiction,1,3102.0,2013-05-07,9780765330543
55,A Dog's Way Home,W. Bruce Cameron,4.19,336,Forge,Fiction,0,3100.0,2017-05-09,9780765374653
56,A Dream About Lightning Bugs: A Life of Music and Cheap Lessons,Ben Folds,4.17,319,Ballantine Books,Music,0,25.0,2019-07-30,9781984817273
57,A Feast for Crows,George R.R. Martin,4.13,1061,Bantam Books(first published October 17th 2005),Fantasy,1,92704.0,,9780553582024
58,A Few of the Girls: Stories,Maeve Binchy,3.68,319,Knopf(first published September 24th 2015),Short,0,3341.0,2016-03-01,9781101947418
59,A Field Guide to Redheads: An Illustrated Celebration,Elizabeth Graeber,3.45,160,Workman Publishing Company,Humor,0,1.0,2016-09-06,9780761185734
60,A Fighting Chance,Elizabeth Warren,4.15,365,Metropolitan Books(first published April 15th 2014),Nonfiction,0,583.0,2014-04-22,9781627790529
61,A Fine Romance,Candice Bergen,3.64,368,Simon  Schuster,Autobiography,0,28.0,2015-04-07,9780684808277
62,A Game of Thrones,George R.R. Martin,4.45,835,Bantam Spectra(first published August 6th 1996),Add,0,92705.0,,9780553573404
63,A Game of Thrones,George R.R. Martin,4.45,34,Random House Audio(first published August 6th 1996),Add,1,92705.0,2011-04-12,9780307913098
64,A Gentleman in Moscow,Amor Towles,4.36,462,Viking,Historical,0,7179.0,2016-09-06,9780670026197
65,A God in Ruins,Kate Atkinson,3.94,468,"Little, Brown and Company(first published May 1st 2015)",Fiction,1,7507.0,2015-05-05,9780316176538
66,A Great Reckoning,Louise Penny,4.42,389,Minotaur Books,Mystery,1,10881.0,2016-08-30,9781250022134
67,A Hero of France,Alan Furst,3.69,234,Random House,Historical,1,1083.0,2016-05-31,9780812996494
68,"A Higher Loyalty: Truth, Lies, and Leadership",James Comey,4.18,290,Flatiron Books,Nonfiction,0,404.0,2018-04-17,9781250192455
69,A History of the World in 12 Maps,Jerry Brotton,3.75,544,Penguin Books(first published September 6th 2012),History,0,52.0,2014-10-28,9780143126027
70,"""I Give You My Body . . ."": How I Write Sex Scenes",Diana Gabaldon,4.19,118,Dell(first published August 2016),Nonfiction,0,144140.0,2016-08-16,9781451645606
71,Most Blessed of the Patriarchs: Thomas Jefferson and the Empire of the Imagination,Annette Gordon-Reed,3.71,400,Liveright,History,0,107.0,2016-04-13,9781940846408
72,"#AskGaryVee: One Entrepreneur's Take on Leadership, Social Media, and Self-Awareness",Gary Vaynerchuk,4.2,384,Harper Business,Business,0,1931.0,2016-03-08,9781543697438
73,#GIRLBOSS,Sophia Amoruso,3.69,256,Portfolio,Add,0,904.0,2014-05-06,9780345533487
74,#IMomSoHard,Kristin Hensley,4.11,288,HarperOne,Add,0,140.0,2019-04-02,9780735225114
75,#NeverAgain: A New Generation Draws the Line,David  Hogg,4.18,165,Random House Trade,Nonfiction,0,23.0,2018-06-19,9781476793856
76,'Til Death Do Us Part,Amanda Quick,3.81,352,Penguin Publishing Group,Romance,0,3911.0,2016-04-19,9781250085948
77,"F*ck, That's Delicious: An Annotated Guide to Eating Well",Action Bronson,4.17,192,Harry N. Abrams,Food,0,13.0,2017-09-12,9780316187169
78,"1,000 Places to See Before You Die: Revised Second Edition",Patricia Schultz,3.85,1216,Workman Publishing Company(first published January 1st 2003),Travel,0,68.0,2015-07-01,9780385539258
79,10-Day Green Smoothie Cleanse: Lose Up to 15 Pounds in 10 Days!,J.J. Smith,4.12,167,Adiva Publishing(first published February 1st 2014),Health,0,60.0,2014-02-09,9780062469762
80,"100 Deadly Skills: The SEAL Operative's Guide to Eluding Pursuers, Evading Capture, and Surviving Any Dangerous Situation",Clint Emerson,3.74,272,Atria Books,Nonfiction,0,38.0,2015-10-13,9780547577319
81,"101 Dog Tricks: Step by Step Activities to Engage, Challenge, and Bond with Your Dog",Kyra Sundance,3.93,208,Quarry Books(first published January 1st 2007),Animals,0,14.0,2007-04-01,9780310353621
82,,,,,,,0,,,9780385530866
83,11/22/63,Stephen King,4.31,849,Scribner,Fiction,0,673112.0,2011-11-08,9781476738024
84,113 Minutes,James Patterson,3.76,139,BookShots,Fiction,0,281261.0,2016-09-06,9780374202392
85,12: The Inside Story of Tom Brady's Fight for Redemption,Casey Sherman,3.93,320,"Little, Brown and Company",Sports,0,49.0,2018-07-31,9780778318347
86,12 Beast Vol. 3,OKAYADO,4.02,176,Seven Seas(first published August 9th 2015),Sequential,0,33.0,2016-02-09,9780062316905
87,13 Hours,Mitchell Zuckoff,4.28,328,Twelve,Nonfiction,0,506.0,2014-09-09,9780345511010
88,14th Deadly Sin,James Patterson,4.04,349,"Little, Brown and Company",Mystery,1,281261.0,2015-05-04,9781460396438
89,15th Affair,James Patterson,4.09,351,"Little, Brown and Company",Mystery,1,281261.0,2016-05-02,9780062405579
90,16th Seduction,James Patterson,4.07,350,"Little, Brown and Company",Mystery,1,281261.0,2017-05-01,9781538761601
91,21 Lessons for the 21st Century,Yuval Noah Harari,4.19,372,Spiegel & Grau(first published August 30th 2018),Nonfiction,0,17044.0,2018-09-04,9780763660659
92,"26 Marathons: What I've Learned About Faith, Identity, Running, and Life From Each Marathon I've Run",Meb Keflezighi,4.23,256,Rodale Books,Sports,0,38.0,2019-03-19,9780399181399
93,30 Years of Wrestlemania,Brian Shields,4.33,224,DK Publishing (Dorling Kindersley),Sports,0,9.0,2014-09-15,9781595341938
94,32 Yolks: From My Mother's Table to Working the Line,Eric Ripert,3.9,247,Random House(first published April 12th 2016),Food,0,125.0,2016-05-17,9780778317876
95,4 3 2 1,Paul Auster,3.84,866,Henry Holt and Co.,Fiction,0,8519.0,2017-01-31,9780062668271
96,41: A Portrait of My Father,George W. Bush,4.14,294,Crown,Biography,0,844.0,2014-11-11,9781466849624
97,42 Faith: The Rest of the Jackie Robinson Story,Ed Henry,4.16,368,Thomas Nelson,Biography,0,4.0,2017-04-04,9780307959492
98,50 Children: One Ordinary American Couple's Extraordinary Rescue Mission into the Heart of Nazi Germany,Steven Pressman,4.01,336,Harper,Nonfiction,0,8.0,2014-04-22,9780060838652
99,"50 Years, 50 Moments: The Most Unforgettable Plays in Super Bowl History",Jerry Rice,3.94,464,Dey Street Books(first published October 27th 2015),Sports,0,10.0,2015-11-03,9780345530943
100,The 5th Wave,Rick Yancey,4.06,457,G.P. Putnam's Sons Books for Young Readers,comments,1,9521.0,2013-05-07,9781455535767
101,7 Lessons from Heaven: How Dying Taught Me to Live a Joy-Filled Life,Mary C. Neal,4.09,288,Convergent Books,Nonfiction,0,42.0,2017-09-19,9781495024429
102,81 Days Below Zero: The Incredible Survival Story of a World War II Pilot in Alaska's Frozen Wilderness,Brian Murphy,3.68,238,Da Capo Press,Nonfiction,0,22.0,2015-06-02,9780062356260
103,A Beautiful Day in the Neighborhood: The Poetry of Mister Rogers,Fred Rogers,4.4,144,Quirk Books,Poetry,0,503.0,2019-03-19,9780763677534
104,A Better Man,Louise Penny,4.38,437,Minotaur Books,Mystery,1,10880.0,2019-08-27,9781524763558
105,A Brief History of Time,Stephen Hawking,4.17,212,Bantam Books(first published April 1st 1988),Add,0,8809.0,1998-09-01,9780778315513
106,A Buccaneer at Heart,Stephanie Laurens,3.8,480,Mira,Romance,1,4621.0,2016-04-26,9780756408091
107,A Burglar's Guide to the City,Geoff Manaugh,3.33,296,Fsg Originals(first published March 17th 2015),Nonfiction,0,30.0,2016-04-05,9780525576785
108,A Certain Justice,P.D. James,3.93,464,Ballantine Books(first published October 1st 1997),Mystery,1,2307.0,2003-11-04,9781543602760
109,"A Chance in the World: An Orphan Boy, a Mysterious Past, and How He Found a Place Called Home",Steve  Pemberton,4.22,261,Thomas Nelson,Nonfiction,0,6.0,2012-01-09,9780062379429
110,A Child of Books,Oliver Jeffers,4.13,40,Candlewick Press,Add,0,1616.0,2016-09-06,9781400201761
111,A Child's First Book of Trump,Michael Ian Black,4.24,32,Simon  Schuster Books for Young Readers,Humor,0,329.0,2016-07-05,9780061757099
112,A Clash of Kings,George R.R. Martin,4.41,1010,Bantam Books(first published November 16th 1998),Add,1,92705.0,,9781909979222
113,A Colony in a Nation,Chris Hayes,4.2,256,W. W. Norton  Company,Politics,0,89.0,2017-03-21,9781632360618
114,A Column of Fire,Ken Follett,4.21,916,Viking,Historical,1,40398.0,2017-09-12,9781632362223
115,A Course Called Scotland: Searching the Home of Golf for the Secret to Its Game,Tom Coyne,4.28,336,Simon  Schuster,Sports,0,12.0,2018-07-03,9780062497789
116,Creepy Pair of Underwear!,Aaron Reynolds,4.26,48,Simon  Schuster Books for Young Readers,Childrens,0,0.0,2017-08-15,9781488041778
117,A Curious Mind: The Secret to a Bigger Life,Brian Grazer,3.36,320,Simon  Schuster(first published April 7th 2014),Nonfiction,0,81.0,2015-04-07,9781524742843
118,A Curse So Dark and Lonely,Brigid Kemmerer,4.23,484,Bloomsbury YA,Fantasy,1,6032.0,2019-01-29,9780345544988
119,A Dance with Dragons,George R.R. Martin,4.33,1016,Bantam,comments,0,92705.0,2011-07-12,9780804136631
120,A Dangerous Man,Robert Crais,4.32,339,G.P. Putnam's Sons(first published July 18th 2019),Mystery,1,3141.0,2019-08-06,9781451629187
121,A Day in the Life of Marlon Bundo,Jill Twiss,4.72,34,Chronicle Books,Childrens,0,45.0,2018-03-18,9780553573428
122,A Delicate Touch,Stuart Woods,3.85,320,G.P. Putnam's Sons,Mystery,0,2097.0,2018-12-31,9780735221123
123,A Discovery of Witches,Deborah Harkness,4.0,579,Viking Penguin,Fantasy,0,21557.0,,9781250029461
124,A Dog's Journey,W. Bruce Cameron,4.41,336,Forge(first published September 19th 2012),Fiction,1,3102.0,2013-05-07,9780316523479
125,A Dog's Way Home,W. Bruce Cameron,4.19,336,Forge,Fiction,0,3100.0,2017-05-09,9780307758989
126,A Dream About Lightning Bugs: A Life of Music and Cheap Lessons,Ben Folds,4.17,319,Ballantine Books,Music,0,25.0,2019-07-30,9780307787712
127,A Feast for Crows,George R.R. Martin,4.13,1061,Bantam Books(first published October 17th 2005),Fantasy,1,92704.0,,9781616202750
128,A Few of the Girls: Stories,Maeve Binchy,3.68,319,Knopf(first published September 24th 2015),Short,0,3341.0,2016-03-01,9780062365637
129,A Field Guide to Redheads: An Illustrated Celebration,Elizabeth Graeber,3.45,160,Workman Publishing Company,Humor,0,1.0,2016-09-06,9781101906224
130,A Fighting Chance,Elizabeth Warren,4.15,365,Metropolitan Books(first published April 15th 2014),Nonfiction,0,583.0,2014-04-22,9780061650710
131,A Fine Romance,Candice Bergen,3.64,368,Simon  Schuster,Autobiography,0,28.0,2015-04-07,9781592702282
132,A Game of Thrones,George R.R. Martin,4.45,835,Bantam Spectra(first published August 6th 1996),Add,0,92705.0,,9780062866561
133,A Game of Thrones,George R.R. Martin,4.45,34,Random House Audio(first published August 6th 1996),Add,1,92705.0,2011-04-12,9780307279460
134,A Gentleman in Moscow,Amor Towles,4.36,462,Viking,Historical,0,7179.0,2016-09-06,9781538718469
135,A God in Ruins,Kate Atkinson,3.94,468,"Little, Brown and Company(first published May 1st 2015)",Fiction,1,7507.0,2015-05-05,9780062311450
136,A Great Reckoning,Louise Penny,4.42,389,Minotaur Books,Mystery,1,10881.0,2016-08-30,9781250095480
137,A Hero of France,Alan Furst,3.69,234,Random House,Historical,1,1083.0,2016-05-31,9780062895936
138,"A Higher Loyalty: Truth, Lies, and Leadership",James Comey,4.18,290,Flatiron Books,Nonfiction,0,404.0,2018-04-17,9780735225299
139,A History of the World in 12 Maps,Jerry Brotton,3.75,544,Penguin Books(first published September 6th 2012),History,0,52.0,2014-10-28,9780440335870
140,A House in the Sky,Amanda Lindhout,4.23,373,Scribner(first published June 25th 2013),Nonfiction,0,618.0,2013-09-10,9781609383404
141,A Killer Collection,J.B. Stanley,3.75,,Beyond the Page Publishing(first published January 3rd 2006),Mystery,0,87.0,2015-01-23,9781250065384
142,,,,,,,0,,,9780553907063
143,A Knight of the Seven Kingdoms,George R.R. Martin,4.21,355,Bantam(first published 2013),Fantasy,1,92703.0,2015-10-06,9780062316028
144,A Legacy of Spies,John le Carré,3.89,264,Viking,Fiction,1,5733.0,2017-09-05,9781948677172
145,A Life in Parts,Bryan Cranston,4.17,271,Scribner,Nonfiction,0,249.0,2016-10-11,9780062741813
146,A Life Well Played: My Stories,Arnold Palmer,4.09,272,St. Martin's Press,Sports,0,11.0,2016-10-04,9781101980705
147,A Little Hatred,Joe Abercrombie,4.52,480,Orbit,Fantasy,1,16510.0,2019-09-17,9781400067152
148,A Little Life,Hanya Yanagihara,4.3,720,Doubleday,Fiction,0,5777.0,2015-03-10,9780385354349
149,A Little Thing Called Life: From Elvis's Graceland to Bruce Jenner's Caitlyn & Songs in Between,Linda    Thompson,3.91,384,Dey Street Books(first published May 3rd 2016),Autobiography,0,8.0,2016-08-23,9780393064445
150,A Long Walk to Water: Based on a True Story,Linda Sue Park,4.25,128,Clarion Books(first published November 15th 2010),Historical,0,630.0,2011-10-04,9781101884096
151,A Love Letter Life: Pursue Creatively. Date Intentionally. Love Faithfully.,Jeremy Roloff,4.26,240,Zondervan,Nonfiction,0,23.0,2019-04-02,9781501109829
152,A Lowcountry Heart: Reflections on a Writing Life,Pat Conroy,4.35,320,Nan A. Talese,Nonfiction,0,2445.0,2016-10-25,9781601427557
153,A Man Called Ove,Fredrik Backman,4.36,368,Washington Square Press(first published August 27th 2012),comments,0,23296.0,2015-05-05,9780062448071
154,A Manual for Cleaning Women: Selected Stories,Lucia Berlin,4.18,406,"Farrar, Straus and Giroux(first published April 2015)",Short,0,428.0,2015-08-18,9781455530533
155,A Match for Marcus Cynster,Stephanie Laurens,3.95,448,Mira,Romance,1,4621.0,2015-05-26,9780061728976
156,A Memory of Violets,Hazel Gaynor,3.94,432,William Morrow Paperbacks,Historical,0,1796.0,2015-02-03,9780062220325
157,A Mighty Long Way: My Journey to Justice at Little Rock Central High School,Carlotta Walls LaNier,4.07,336,One World/Ballantine(first published January 1st 2009),Nonfiction,0,7.0,2010-07-27,9781476717128
158,A Million Little Things,Susan   Mallery,3.87,368,MIRA,Romance,0,9608.0,2017-02-28,9781419734229
159,A Mind of Your Own: The Truth About Depression and How Women Can Heal Their Bodies to Reclaim Their Lives,Kelly Brogan,3.85,352,Harper Wave(first published February 16th 2016),Health,0,56.0,2016-03-15,9781419721373
160,A Minute to Midnight,David Baldacci,4.33,418,Grand Central Publishing,Mystery,1,108249.0,2019-11-19,9781476798868
161,A Monster Calls,Patrick Ness,4.37,206,Candlewick Press(first published May 5th 2011),comments,0,15106.0,2013-03-12,9781621572671
162,A Mrs. Miracle Christmas,Debbie Macomber,4.08,272,Ballantine Books,Holiday,0,12811.0,2019-10-01,9780393652598
163,"A Muse and a Maze: Writing as Puzzle, Mystery, and Magic",Peter Turchi,4.17,248,Trinity University Press(first published May 13th 2014),Language,0,19.0,2014-11-11,9781250087102
164,A New Hope,Robyn Carr,4.11,336,Mira,Romance,1,5756.0,2015-06-30,9780062868206
165,A Parade of Elephants,Kevin Henkes,3.75,40,Greenwillow Books,Childrens,0,836.0,2018-09-25,9780996275460
166,A Paris Apartment,Michelle Gable,3.65,384,Thomas Dunne Books(first published 2014),Historical,0,960.0,2014-04-22,9781101874080
167,A Passion for Leadership: Lessons on Change and Reform from Fifty Years of Public Service,Robert M. Gates,4.03,256,Knopf,Leadership,0,59.0,2016-01-19,9781501178320
168,A People's History of the United States,Howard Zinn,4.08,729,Harper Perennial(first published 1980),Add,0,1886.0,2005-08-02,9780061952012
169,A Perfect Life,Danielle Steel,3.87,320,Delacorte Press(first published January 1st 2014),Romance,0,8653.0,2014-07-22,9781982111007
170,"A Perfect Score: The Art, Soul, and Business of a 21st-Century Winery",Kathryn Hall,2.89,224,Center Street,Alcohol,0,2.0,2016-09-13,9780060548957
171,A Perfect Union of Contrary Things,Maynard James Keenan,3.89,272,Backbeat Books,Biography,0,79.0,2016-10-01,9781250099655
172,A Piece of the World,Christina Baker Kline,3.86,309,William Morrow,Historical,0,3974.0,2017-02-21,9781420135978
173,A Piglet Named Mercy,Kate DiCamillo,3.85,32,Candlewick Press,Childrens,1,6166.0,2019-04-02,9781626726826
174,A Place for Us,Fatima Farheen Mirza,4.15,385,SJP for Hogarth,comments,0,1304.0,2018-06-12,9781501176517
175,A Real Prince: Yesterday's Hero\The Bachelor Prince,Debbie Macomber,3.67,432,Mira,Romance,0,12812.0,2015-02-24,9781250061560
176,A Red-Rose Chain,Seanan McGuire,4.3,358,DAW,Fantasy,1,10008.0,2015-09-01,9780525426592
177,"A Republic, If You Can Keep It",Neil Gorsuch,4.15,352,Crown Forum,Nonfiction,0,14.0,2019-09-10,9781101966969
178,,,,,,,0,,,9781250299253
179,A Scot in the Dark,Sarah MacLean,3.72,392,Avon,Romance,1,7986.0,2016-08-30,9781936608362
180,"A Serial Killer's Daughter: My Story of Faith, Love, and Overcoming",Kerri Rawson,3.48,336,Thomas Nelson,Crime,0,72.0,2019-01-29,9781101883914
181,The Bad Beginning,Lemony Snicket,3.94,176,HarperCollins(first published September 30th 1999),comments,1,19220.0,2009-03-17,9781420133844
182,A Short History of the World,Christopher Lascelles,3.84,264,Crux Publishing Ltd(first published December 20th 2011),History,0,35.0,2014-01-15,9781420133868
183,"A Silent Voice, Volume 6",Yoshitoki Oima,4.41,192,Kodansha Comics(first published October 17th 2014),Sequential,1,327.0,2016-04-19,9780547614823
184,"A Silent Voice, Volume 7",Yoshitoki Oima,4.36,192,Kodansha Comics(first published December 17th 2014),Sequential,1,327.0,2016-05-24,9780451488909
185,A Simple Favor,Darcey Bell,3.22,299,Harper Paperbacks(first published March 21st 2017),Mystery,0,437.0,2018-03-20,9781984878878
186,A Soldier's Return,RaeAnne Thayne,4.12,224,Harlequin Special Edition,Romance,0,1624.0,2019-01-15,9780802123145
187,A Song for You: My Life with Whitney Houston,Robyn Crawford,4.16,336,Dutton Books,Nonfiction,0,12.0,2019-11-12,9780802192363
188,A Spark of Light,Jodi Picoult,3.68,352,Ballantine Books,Fiction,0,51040.0,2018-10-02,9780307405500
189,A Spy Among Friends: Kim Philby and the Great Betrayal,Ben Macintyre,4.15,368,Crown Publishers(first published 2014),Nonfiction,0,987.0,2014-07-29,9781414380520
190,A Stolen Life,Jaycee Dugard,3.91,273,Simon  Schuster(first published July 11th 2011),Nonfiction,0,618.0,2011-07-12,9781455567300
191,A Storm of Swords,George R.R. Martin,4.54,1177,Bantam(first published August 8th 2000),Fantasy,1,92703.0,2003-03-04,9780062313331
192,A Stranger in the House,Shari Lapena,3.61,305,Pamela Dorman Books(first published July 27th 2017),Mystery,0,6082.0,2017-08-15,9781634508322
193,A Street Cat Named Bob: And How He Saved My Life,James Bowen,3.98,279,Thomas Dunne Books(first published March 1st 2012),comments,0,825.0,2013-07-30,9781328545862
194,A Tale of Magic...,Chris Colfer,4.38,496,"Little, Brown Books for Young Readers",Fantasy,0,7033.0,2019-10-01,9780425280836
195,A Taste for Death,P.D. James,4.02,480,Vintage(first published 1986),Mystery,1,2307.0,2010-12-08,9781455540419
196,A Thousand Acres,Jane Smiley,3.81,384,Anchor(first published 1991),Fiction,0,1132.0,2011-01-05,9780691164724
197,A Thousand Days in Venice: An Unexpected Romance,Marlena de Blasi,3.48,258,Algonquin Books(first published 2002),Travel,1,176.0,2013-06-11,9780399181283
198,Unti Ted Cruz,Ted Cruz,4.18,320,Broadside e-books,Politics,0,26.0,2015-06-30,9781594200090
199,A Torch Kept Lit: Great Lives of the Twentieth Century,William F. Buckley Jr.,4.07,240,Crown Forum,Biography,0,181.0,2016-10-04,9780316530415
200,"A Train in Winter: An Extraordinary Story of Women, Friendship, and Resistance in Occupied France",Caroline Moorehead,3.84,400,Harper Perennial(first published November 1st 2011),Nonfiction,1,114.0,2012-10-23,9780544435247
201,A Velocity of Being: Letters to A Young Reader,Maria Popova,4.6,272,Enchanted Lion Books,Nonfiction,0,565.0,2018-12-14,9781626921160
202,A Very Large Expanse of Sea,Tahereh Mafi,4.26,310,HarperTeen,Young,0,26331.0,2018-10-16,9780062844132
203,A Walk in the Woods: Rediscovering America on the Appalachian Trail,Bill Bryson,4.06,397,Anchor Books(first published 1997),Nonfiction,0,13298.0,2006-12-26,9781419733697
204,A Warning,Anonymous,3.81,259,Twelve,Nonfiction,0,2094.0,2019-11-19,9781481463331
205,A Wedding for Christmas,Lori Wilde,3.93,351,Avon,Romance,0,1681.0,2016-10-25,9780525579649
206,A Well-Behaved Woman: A Novel of the Vanderbilts,Therese Anne Fowler,3.93,560,St. Martin's Griffin(first published October 16th 2018),Historical,0,814.0,2019-10-01,9781501131110
207,A Wolf Called Wander,Rosanne Parry,4.18,243,Greenwillow Books,Childrens,0,166.0,2019-05-07,9780545654746
208,A Woman of No Importance: The Untold Story of the American Spy Who Helped Win World War II,Sonia Purnell,4.26,368,Viking(first published March 28th 2019),Nonfiction,0,134.0,2019-04-09,9781938127595
209,A World Undone: The Story of the Great War 1914 to 1918,G.J. Meyer,4.37,708,Delacorte Press(first published 2006),History,0,142.0,2006-05-30,9780425270196
210,A Wrestling Life: The Inspiring Stories of Dan Gable,Dan Gable,4.13,176,University Of Iowa Press,Sports,0,6.0,2015-03-01,9780062072221
211,"A Year in the Life of Downton Abbey: Seasonal Celebrations, Traditions, and Recipes",Jessica Fellowes,4.19,320,St. Martin's Press(first published September 25th 2014),Nonfiction,0,341.0,2014-10-28,9780385755887
212,Abandoned,Cody McFadyen,4.14,400,Bantam(first published 2009),Thriller,1,959.0,2009-10-27,9780545930802
213,About a Vampire,Lynsay Sands,4.02,379,Avon,Romance,0,9166.0,2015-09-29,9781476746586
214,About My Mother: True Stores of a Horse-Crazy Daughter and Her Baseball-Obsessed Mother: A Memoir,Peggy Rowe,4.14,192,Forefront Books,Nonfiction,0,24.0,2018-11-13,9781476716565
215,About That Kiss,Jill Shalvis,4.04,384,Avon,Romance,1,10473.0,2018-01-23,9781466885806
216,Above the Line: Lessons in Leadership and Life from a Championship Season,Urban Meyer,4.23,272,Penguin Press(first published August 25th 2015),Sports,0,6.0,2015-10-27,9780316421102
217,Absolute Monarchs: A History of the Papacy,John Julius Norwich,3.68,528,Random House,History,0,357.0,2011-07-12,9780399178924
218,Absolutely on Music: Conversations with Seiji Ozawa,Haruki Murakami,3.89,325,Knopf(first published 2011),Music,0,72838.0,2016-11-15,9781501171604
219,Accessory to War: The Unspoken Alliance Between Astrophysics and the Military,Neil deGrasse Tyson,3.56,576,W. W. Norton  Company,Science,0,255681.0,2018-09-11,9780316412650
220,Accidental Heroes,Danielle Steel,4.08,272,Delacorte Press,Fiction,0,8653.0,2018-03-20,9781338245721
221,Accidental Presidents: Eight Men Who Changed America,Jared Cohen,4.13,528,Simon  Schuster,History,0,28.0,2019-04-09,9780812996418
222,Accidental Saints: Finding God in All the Wrong People,Nadia Bolz-Weber,4.21,211,Convergent Books,Nonfiction,0,840.0,2015-09-08,9780525537441
223,Accidentally on Purpose,Jill Shalvis,4.04,384,Avon,Romance,1,10473.0,2017-01-24,9780062376978
224,Acid For The Children: A Memoir,Flea,4.08,379,Grand Central Publishing,Music,0,108.0,2019-11-05,9781543674156
225,"Act Like a Lady, Think Like a Man: What Men Really Think About Love, Relationships, Intimacy, and Commitment",Steve  Harvey,3.82,232,Amistad(first published January 1st 2009),Nonfiction,0,874.0,2009-01-27,9781538729656
226,"Act Like a Success, Think Like a Success",Steve  Harvey,4.1,240,Amistad(first published September 1st 2014),Nonfiction,0,874.0,2014-09-09,9780451466747
227,Act of War,Brad Thor,4.15,358,Atria/Emily Bestler Books,Thriller,0,4486.0,2014-07-08,9780393247626
228,Ada Twist and the Perilous Pants,Andrea Beaty,4.06,112,Harry N. Abrams,Childrens,0,349.0,2019-04-16,9780062444257
229,"Ada Twist, Scientist",Andrea Beaty,4.48,32,Harry N. Abrams,Childrens,1,349.0,2016-09-06,9781400171378
230,Addicted to Outrage: How Thinking Like a Recovering Addict Can Heal the Country,Glenn Beck,3.94,400,Threshold Editions,Politics,0,757.0,2018-09-18,9780812996067
231,"¡Adios, America! The Left's Plan to Turn our Country into a Third World Hellhole",Ann Coulter,4.07,278,Regnery Publishing,Politics,0,375.0,2015-06-01,9781101885710
232,Adjustment Day,Chuck Palahniuk,3.13,316,W. W. Norton  & Company,Fiction,0,109697.0,2018-05-01,9780316208246
233,Adnan's Story: The Search for Truth and Justice After Serial,Rabia Chaudry,4.11,410,St. Martin's Press(first published June 7th 2016),Nonfiction,0,141.0,2016-08-09,9780373789696
234,"Adrift: A True Story of Love, Loss, and Survival at Sea",Tami Oldham Ashcraft,3.69,240,Dey Street Books(first published October 1st 1998),Nonfiction,0,18.0,2018-05-29,9780778318941
235,"Adult Coloring Books: A Coloring Book for Adults Featuring Mandalas and Henna Inspired Flowers, Animals, and Paisley Patterns",Coloring Books for Adults,4.14,98,Zing Books,,0,0.0,2015-07-20,9781455533862
236,Adultery,Paulo Coelho,3.05,272,Knopf(first published 2012),comments,0,101610.0,2014-08-19,9781984822581
237,Adultolescence,Gabbie Hanna,3.6,248,Atria/Keywords Press(first published September 9th 2017),Add,0,210.0,2017-09-19,9781524761431
238,African Laughter: Four Visits to Zimbabwe,Doris Lessing,3.74,464,HarperCollins e-books(first published 1992),Cultural,0,1856.0,2009-06-30,9780399544682
239,After,Anna Todd,3.73,608,Gallery Books(first published 2014),Romance,0,11745.0,2019-03-12,9781501107726
240,After Alice,Gregory Maguire,2.79,273,William Morrow(first published October 1st 2015),Fantasy,0,6191.0,2015-10-27,9781426216671
241,After Anna,Lisa Scottoline,3.83,388,St. Martin's Press,Mystery,0,8907.0,2018-04-10,9780316273985
242,After She's Gone,Lisa Jackson,3.56,484,Zebra(first published December 29th 2015),Add,0,5242.0,2016-07-26,9780446583978
243,After the Fall: How Humpty Dumpty Got Back up Again,Dan Santat,4.51,40,Roaring Brook Press,Childrens,0,441.0,2017-10-03,9781250153739
244,After the Miracle: The Lasting Brotherhood of the '69 Mets,Art Shamsky,4.15,336,Simon  Schuster,Sports,0,0.0,2019-03-19,9780812996951
245,After the Storm,Linda Castillo,4.13,320,Minotaur Books,comment,0,3291.0,2015-07-14,9780062347275
246,After You,Jojo Moyes,3.72,352,Pamela Dorman Books(first published September 23rd 2015),Fiction,0,42290.0,2015-09-29,9780789327413
247,Empire's End,Chuck Wendig,3.79,423,Del Rey,Media,1,3685.0,2017-02-21,9781587433429
248,"Again, but Better",Christine Riccio,3.69,373,Wednesday Books,comments,0,100454.0,2019-05-07,9781524742386
249,Against All Grain: Delectable Paleo Recipes to Eat Well  Feel Great,Danielle Walker,4.37,368,Victory Belt Publishing,Food,0,82.0,2013-07-30,9781439100516
250,Against All Odds,Danielle Steel,4.03,352,Delacorte Press,Romance,0,8653.0,2017-05-02,9780312384487
251,Against the Sky,Kat Martin,4.03,400,Zebra(first published January 27th 2015),Add,1,2014.0,2015-02-03,9780062896445
252,Against the Tide,Kat Martin,4.1,400,Zebra,Add,0,2014.0,2015-05-26,9781101886212
253,"Agent Garbo: The Brilliant, Eccentric Secret Agent Who Tricked Hitler and Saved D-Day",Stephan Talty,4.01,304,Mariner Books(first published January 1st 2012),Nonfiction,0,170.0,2012-07-03,9780061792663
254,Agent in Place,Mark Greaney,4.36,507,Berkley,Thriller,1,2172.0,2018-02-20,9780385536714
255,Agent Running in the Field,John le Carré,4.04,282,Viking,Fiction,0,5733.0,2019-10-22,9780385541039
256,Agent Storm: My Life Inside Al Qaeda and the CIA,Morten Storm,4.0,403,Atlantic Monthly Press(first published July 3rd 2014),Nonfiction,0,5.0,2014-08-19,9781501111334
257,Agent Storm: My Life Inside al Qaeda and the CIA,Morten Storm,4.0,320,Atlantic Monthly Press(first published July 3rd 2014),Nonfiction,0,5.0,2014-09-02,9781591848141
258,Agent Zigzag,Ben Macintyre,4.08,302,Broadway Books(first published 2007),Nonfiction,0,987.0,2007-09-04,9780307410269
259,Agents of Babylon: What the Prophecies of Daniel Tell Us about the End of Days,David Jeremiah,4.52,384,Tyndale House Publishers,Christian,0,259.0,2015-10-06,9781501180910
260,"AgeProof: How to Live Longer Without Breaking a Hip, Running Out of Money, or Forgetting Where You Put It--The 8 Secrets",Jean Chatzky,3.37,336,Grand Central Life & Style,Nonfiction,0,41.0,2017-03-14,9780062655066
261,Aging Backwards: Reverse the Aging Process and Look 10 Years Younger in 30 Minutes a Day,Miranda Esmonde-White,3.78,288,Harper Wave(first published November 4th 2014),Health,0,15.0,2014-11-11,9780316268844
262,"Agony and Eloquence: John Adams, Thomas Jefferson, and a World of Revolution",Daniel L. Mallock,3.82,472,Skyhorse,History,0,2.0,2016-02-02,9780525428640
263,"AI Superpowers: China, Silicon Valley, and the New World Order",Kai-Fu Lee,4.18,,Houghton Mifflin,Nonfiction,0,220.0,2018-09-01,9781101986158
264,Ain't She Sweet,Marie Force,4.33,320,Berkley,Romance,0,5811.0,2016-04-26,9781984830173
265,Al Franken: Giant of the Senate,Al Franken,4.33,406,"Twelve/Hachette Book Group, Inc.(first published May 2017)",Nonfiction,0,605.0,2017-05-30,9780062082350
266,Alan Turing: The Enigma,Andrew Hodges,3.81,768,Princeton University Press(first published November 1st 1983),comments,0,87.0,2014-11-10,9781400069026
267,Alaskan Holiday,Debbie Macomber,3.59,256,Ballantine Books,Romance,0,12812.0,2018-10-02,9780062398086
268,Alexander Hamilton,Ron Chernow,4.23,818,Penguin Press,History,0,3160.0,2004-04-26,9781101902806
269,Ali Cross,James Patterson,4.05,320,jimmy patterson,Mystery,1,281236.0,2019-11-25,9780307271082
270,Ali: A Life,Jonathan Eig,4.47,640,Houghton Mifflin Harcourt,Biography,0,118.0,2017-10-03,9781501110320
271,Alice in the Country of Joker: Circus and Liars Game Vol. 7,QuinRose,4.06,192,Seven Seas,Sequential,0,373.0,2015-02-10,9780812995220
272,Alice Isn't Dead,Joseph Fink,3.67,336,Harper Perennial,Horror,0,1426.0,2018-10-30,9781250061577
273,Alien Superstar,Lin Oliver,3.69,240,Harry N. Abrams,Humor,0,40.0,2019-10-01,9780545208857
274,All American Boys,Jason Reynolds,4.29,316,Atheneum/Caitlyn Dlouhy Books,Young,0,3879.0,2015-09-29,9781524743444
275,All Are Welcome,Alexandra Penfold,4.42,44,Alfred A. Knopf Books for Young Readers,Childrens,0,12.0,2018-07-10,9780142410707
276,"All By Myself, Alone",Mary Higgins Clark,3.64,321,Simon  Schuster,Mystery,1,9392.0,2017-04-04,9781616201340
277,All Fall Down,Ally Carter,3.83,310,Scholastic Press,Young,1,13427.0,2015-01-20,9781250133731
278,All I Ever Need Is You,Bella Andre,4.25,,Bella Andre(first published April 2nd 2015),Romance,1,55856.0,2015-04-07,9781368045704
279,All I Want,Jill Shalvis,4.13,297,Berkley,Romance,1,10472.0,2015-10-06,9781484799673
280,All Joy and No Fun: The Paradox of Modern Parenthood,Jennifer Senior,3.86,320,Ecco,Parenting,0,31.0,2014-01-28,9781595148032
281,All the Bright Places,Jennifer Niven,4.17,378,Knopf,Young,0,9397.0,2015-01-06,9781481497589
282,All the Crooked Saints,Maggie Stiefvater,3.85,320,Scholastic Press,Fantasy,0,129671.0,2017-10-10,9781635651089
283,All the Light We Cannot See,Anthony Doerr,4.33,531,Scribner(first published May 2014),comments,0,9719.0,2014-05-06,9780061547317
284,All the Single Ladies: Unmarried Women and the Rise of an Independent Nation,Rebecca Traister,4.05,339,Simon  Schuster,Nonfiction,0,787.0,2016-03-01,9780525426943
285,All the Ugly and Wonderful Things,Bryn Greenwood,4.07,365,St. Martin's Press,Fiction,0,2626.0,2016-08-09,9780525557623
286,All the Way: My Life in Four Quarters,Joe Namath,3.62,240,"Little, Brown and Company",Sports,0,27.0,2019-05-21,9780307452436
287,All We Ever Wanted,Emily Giffin,3.87,334,Ballantine Books,Fiction,0,16170.0,2018-06-26,9781607102045
288,All Your Perfects,Colleen Hoover,4.29,320,Atria Books,Romance,0,327120.0,2018-07-17,9780553522310
289,"All-American Murder: The Rise and Fall of Aaron Hernandez, the Superstar Whose Life Ended on Murderers' Row",James Patterson,3.82,400,"Little, Brown and Company",Nonfiction,0,281254.0,2018-01-22,9781451635119
290,Allies,Alan Gratz,4.28,325,Scholastic Press,Historical,0,1093.0,2019-10-15,9780735213234
291,Ally: My Journey Across the American-Israeli Divide,Michael B. Oren,4.14,432,Random House,Cultural,0,87.0,2015-06-23,9781506700632
292,Almost Everything: Notes on Hope,Anne Lamott,3.81,208,Riverhead Books,Nonfiction,0,6499.0,2018-10-16,9780307756961
293,Almost Interesting: The Memoir,David Spade,3.7,245,Dey Street Books,Nonfiction,0,49.0,2015-10-27,9781451687477
294,"Alone: Britain, Churchill, and Dunkirk: Defeat into Victory",Michael Korda,4.1,,Audible Studios on Brilliance Audio(first published September 19th 2017),History,0,114.0,2017-12-12,9781454709107
295,Alone at Dawn: Medal of Honor Recipient John Chapman and the Untold Story of the World's Deadliest Special Operations Force,Dan Schilling,4.36,352,Grand Central Publishing,Nonfiction,0,13.0,2019-06-25,9780307461469
296,Alone In the Dark,Karen      Rose,4.21,721,Signet(first published November 5th 2015),Romance,1,3446.0,2016-02-02,9780147518361
297,Alone on the Wall,Alex Honnold,3.85,256,W.W. Norton(first published November 5th 2015),Nonfiction,0,136.0,2015-11-09,9780307267474
298,"Altamont: The Rolling Stones, the Hells Angels, and the Inside Story of Rock's Darkest Day",Joel Selvin,4.17,358,Dey Street Books(first published August 15th 2016),Music,0,49.0,2016-08-16,9780553513349
299,Altered Carbon,Richard K. Morgan,4.05,,"Tantor Media, Inc.(first published February 28th 2002)",Add,1,4312.0,2006-12-12,9780061959165
300,Alternate Side,Anna Quindlen,3.34,304,Random House,Fiction,0,3010.0,2018-03-20,9781626363052
301,EveryDayCook,Alton Brown,4.25,304,Ballantine Books,Food,0,446.0,2016-09-27,9780061890956
302,Altruism: The Power of Compassion to Change Yourself and the World,Matthieu Ricard,4.28,864,"Little, Brown and Company(first published January 1st 2013)",Nonfiction,0,486.0,2015-06-02,9780374104092
303,Always a Cowboy,Linda Lael Miller,4.0,384,HQN Books,Romance,0,2457.0,2016-08-30,9780062359988
304,Always Dakota,Debbie Macomber,4.08,384,Mira(first published 2000),Romance,0,12812.0,2016-06-28,9780385756204
305,"Always Hungry?: Conquer Cravings, Retrain Your Fat Cells, and Lose Weight Permanently",David Ludwig,3.72,384,Grand Central Life & Style(first published December 29th 2015),Nonfiction,0,22.0,2016-01-05,9780062956583
306,Always Look on the Bright Side of Life: A Sortabiography,Eric Idle,3.87,290,Crown Archetype,Nonfiction,0,219.0,2018-10-02,9781612198248
307,"Am I There Yet? The Loop-de-Loop, Zigzagging Journey to Adulthood",Mari Andrew,4.0,192,Clarkson Potter Publishers,Sequential,0,93.0,2018-03-27,9781328631343
308,Amal Unbound,Aisha Saeed,4.22,240,Nancy Paulsen Books,Childrens,0,612.0,2018-05-08,9781460396612
309,Amazing Fantastic Incredible: A Marvelous Memoir,Stan Lee,3.96,192,Gallery Books(first published October 6th 2015),Sequential,0,1697.0,2015-11-03,9780399181191
310,Amazing Moms: Love and Lessons From the Animal Kingdom,Rachel Buchholz,3.67,96,National Geographic,Animals,0,1.0,2016-03-29,9780062364364
311,Ambush,James Patterson,3.93,303,"Little, Brown and Company",Mystery,1,281269.0,2018-10-08,9780373789085
312,America Again: Re-becoming the Greatness We Never Weren't,Stephen Colbert,3.88,240,Grand Central Publishing,Humor,0,1186.0,2012-10-02,9780812989403
313,America Before: The Key to Earth's Lost Civilization,Graham Hancock,4.15,608,St. Martin's Press,History,0,1775.0,2019-04-23,9780770434458
314,"America's Bitter Pill: Money, Politics, Back-Room Deals, and the Fight to Fix Our Broken Healthcare System",Steven Brill,3.99,455,Random House,Nonfiction,0,41.0,2015-01-05,9780062409959
315,America's First Daughter,Stephanie Dray,4.22,624,William Morrow Paperbacks,Historical,0,2117.0,2016-03-01,9781101987971
316,"America's Great Hiking Trails: Appalachian, Pacific Crest, Continental Divide, North Country, Ice Age, Potomac Heritage, Florida, Natchez Trace, Arizona, Pacific Northwest, New England",Karen Berger,4.47,336,Rizzoli,Travel,0,6.0,2014-09-23,9780062330161
317,"America's Original Sin: Racism, White Privilege, and the Bridge to a New America",Jim Wallis,4.13,238,Brazos Press,Nonfiction,0,105.0,2016-01-19,9781442472426
318,America's Reluctant Prince,Steven M. Gillon,3.86,464,Dutton,Biography,0,22.0,2019-07-09,9780425251263
319,American Assassin,Vince Flynn,4.23,448,Atria Books,comment,1,4674.0,2010-10-12,9780451488008
320,American Born Chinese,Gene Luen Yang,3.88,233,Square Fish(first published September 1st 2006),Sequential,0,1940.0,2008-12-23,9780451491657
321,American Carnage: On the Front Lines of the Republican Civil War and the Rise of President Trump,Tim Alberta,4.15,688,Harper,Politics,0,14.0,2019-07-16,9780451488251
322,American Dreamer: My Life in Fashion & Business,Tommy Hilfiger,3.83,352,Ballantine Books(first published March 15th 2016),Biography,0,4.0,2016-11-01,9780451491671
323,American Gods,Neil Gaiman,4.11,541,HarperCollins e-books,Fantasy,0,196448.0,,9781250212092
324,"American Heiress: The Wild Saga of the Kidnapping, Crimes and Trial of Patty Hearst",Jeffrey Toobin,3.87,368,Doubleday(first published April 2nd 2016),Nonfiction,0,463.0,2016-08-02,9780307345837
325,American Housewife,Helen Ellis,3.39,185,Doubleday,Short,0,449.0,2016-01-12,9780786965755
326,American Hunter: How Legendary Hunters Shaped America,Willie Robertson,3.77,272,Howard Books(first published October 6th 2015),Nonfiction,0,61.0,2015-10-27,9780062370006
327,American Kingpin: The Epic Hunt for the Criminal Mastermind Behind the Silk Road,Nick Bilton,4.32,328,Portfolio,Nonfiction,0,1129.0,2017-05-02,9780393246186
328,"American Lightning: Terror, Mystery, the Birth of Hollywood & the Crime of the Century",Howard Blum,3.5,199,Broadway Books(first published January 1st 2008),History,0,147.0,2008-09-16,9780316199995
329,American Like Me: Reflections on Life Between Cultures,America Ferrera,4.35,309,Gallery Books,Nonfiction,0,42.0,2018-09-25,9781626720138
330,American Moonshot: John F. Kennedy and the Great Space Race,Douglas Brinkley,4.18,576,Harper,History,0,207.0,2019-04-02,9781630060589
331,American Pharoah: The Untold Story of the Triple Crown Winner's Legendary Rise,Joe Drape,3.5,304,Hachette Books,Nonfiction,0,64.0,2016-04-26,9781501125997
332,American Predator: The Hunt for the Most Meticulous Serial Killer of the 21st Century,Maureen Callahan,4.1,285,Viking,Crime,0,52.0,,9781250051981
333,American Radical: Inside the World of an Undercover Muslim FBI Agent,Tamer Elnoury,4.33,347,Dutton Books,Nonfiction,0,22.0,2017-10-23,9780525433675
334,American Royals,Katharine McGee,3.85,448,Random House Books for Young Readers,Young,1,1891.0,2019-09-03,9780553448122
335,American Sniper: The Autobiography of the Most Lethal Sniper in U.S. Military History,Chris Kyle,4.0,381,William Morrow,Nonfiction,0,390.0,2012-01-03,9781368012355
336,American Ulysses: A Life of Ulysses S. Grant,Ronald C. White Jr.,4.5,864,Random House,Biography,0,93.0,2016-10-04,9781368013840
337,"American Wife: Love, War, Faith, and Renewal",Taya Kyle,4.26,329,William Morrow(first published May 1st 2015),Nonfiction,0,66.0,2015-05-04,9781501130441
338,American Wolf,Nate Blakeslee,4.38,320,Broadway Books(first published October 17th 2017),Nonfiction,0,76.0,,9781524767068
339,Americanah,Chimamanda Ngozi Adichie,4.3,477,Alfred A. Knopf(first published May 13th 2013),Fiction,0,23310.0,2013-05-14,9780345545961
340,Amish Confidential,"""Lebanon"" Levi Stoltzfus",3.55,288,Gallery Books,Nonfiction,0,2.0,2015-03-31,9781982106980
341,Among the Ten Thousand Things,Julia Pierpont,2.83,336,Random House,Fiction,0,146.0,2015-07-07,9780553392951
342,Among the Wicked,Linda Castillo,4.19,306,Minotaur Books,Mystery,0,3291.0,2016-07-12,9781421576077
343,The Cloud Searchers,Kazu Kibuishi,4.36,203,Graphix,Sequential,1,2290.0,2010-09-01,9781421583228
344,An Absolutely Remarkable Thing,Hank Green,4.03,343,Dutton,Fiction,1,4445.0,2018-09-25,9781421583235
345,An Abundance of Katherines,John Green,3.59,228,Speak(first published September 21st 2006),Young,0,267607.0,,9781421583242
346,An American Marriage,Tayari Jones,3.97,308,Algonquin Books(first published January 29th 2018),Fiction,0,8971.0,2018-02-06,9781421576091
347,An Anonymous Girl,Greer Hendricks,3.84,375,St. Martin's Press,Thriller,0,3884.0,2019-01-08,9781421576107
348,An Elephant & Piggie Biggie Volume 2!,Mo Willems,4.78,320,Hyperion Books for Children,Childrens,0,3139.0,2019-09-17,9781421576114
349,An Elephant & Piggie Biggie!,Mo Willems,4.63,320,Hyperion Books for Children,Childrens,0,3139.0,2017-05-02,9781421576121
350,An Ember in the Ashes,Sabaa Tahir,4.3,446,Razorbill,Fantasy,0,20630.0,2015-04-28,9781421576138
351,An Enchantment of Ravens,Margaret  Rogerson,3.66,300,Margaret K. McElderry Books,Fantasy,0,3694.0,2017-09-26,9781421582801
352,An Inconvenient Sequel: Truth to Power,Al Gore,3.73,320,Rodale Books,Nonfiction,0,258.0,2017-07-25,9781421582818
353,Infinity of Nations: Art and History in the Collections of the National Museum of the American Indian,National Museum of the American Indian,5.0,320,Smithsonian,,0,2.0,2010-10-12,9780393609394
354,An Obvious Fact,Craig Johnson,4.24,317,Viking(first published September 6th 2016),Mystery,1,3025.0,2016-09-13,9780425258910
355,An Unwanted Guest,Shari Lapena,3.75,290,Pamela Dorman Books(first published July 26th 2018),Mystery,0,6082.0,2018-08-07,9780525953005
356,"Anatomy of an Epidemic: Magic Bullets, Psychiatric Drugs, and the Astonishing Rise of Mental Illness in America",Robert  Whitaker,4.17,282,Broadway Books(first published January 1st 2010),Psychology,0,102.0,2010-04-13,9781590514887
357,Anatomy of Strength Training: The Five Essential Exercises,Pat Manocchia,4.17,160,Thunder Bay Press,Health,0,1.0,2010-12-01,9780765325587
358,And I Darken,Kiersten White,3.87,475,Delacorte Press,Fantasy,1,10074.0,2016-06-28,9780385523233
359,And Then All Hell Broke Loose: Two Decades in the Middle East,Richard Engel,4.2,241,"Simon & Schuster, Inc.(first published February 2016)",Nonfiction,0,113.0,2016-02-09,9780061702587
360,Andrew Jackson and the Miracle of New Orleans: The Battle That Shaped America's Destiny,Brian Kilmeade,4.04,256,Sentinel,History,0,282.0,2017-10-24,9780735211292
361,"Angel Catbird, Volume 1",Margaret Atwood,2.76,116,Dark Horse,Sequential,1,55586.0,2016-09-06,9781632362599
362,Angel Falls,Kristin Hannah,3.9,432,Ballantine Books(first published 2000),Fiction,0,115920.0,2010-06-23,9781612620251
363,Angels Walking,Karen Kingsbury,4.2,384,Howard Books(first published September 2014),Add,1,5999.0,2014-09-02,9781632363091
364,"Animal Kingdom: Color Me, Draw Me",Millie Marotta,4.25,96,Lark Crafts(first published August 14th 2014),Colouring,0,18.0,2014-09-23,9781612629810
365,Animal Wise: The Thoughts and Emotions of Our Fellow Creatures,Virginia Morell,4.11,304,Crown(first published January 1st 2013),Nonfiction,0,46.0,2013-02-26,9781632362254
366,Extreme Coloring: The Ultimate Search-and-Find Coloring Book,Kerby Rosanes,4.43,96,Plume(first published June 1st 2015),Add,0,63.0,2015-10-27,9781632362605
367,Ann Tenna,Marisa Acocella Marchetto,2.96,240,Knopf,Sequential,0,14.0,2015-09-01,9781612629414
368,Anna and the Swallow Man,Gavriel Savit,3.68,232,Knopf Books for Young Readers,Historical,0,113.0,2016-01-26,9781612629438
369,"Anne Frank: The Book, The Life, The Afterlife",Francine Prose,4.13,336,HarperCollins e-books(first published September 16th 2009),Nonfiction,0,468.0,2009-09-29,9781101934852
370,Anne Perry and the Murder of the Century,Peter Graham,3.52,341,Skyhorse Publishing(first published 2011),Crime,0,10.0,,9781524720964
371,"Annie, Between the States",L.M. Elliott,4.1,544,Katherine Tegen Books(first published October 26th 2004),Historical,0,188.0,2009-03-31,9781611450118
372,Annihilation,Jeff VanderMeer,3.68,195,"Farrar, Straus and Giroux",Science,0,7776.0,2014-02-04,9781588362445
373,Another Brooklyn,Jacqueline Woodson,3.86,177,Amistad,Fiction,0,4856.0,2016-08-09,9781101967805
374,Another Day,David Levithan,3.62,327,Alfred A. Knopf Books for Young Readers(first published July 30th 2015),Young,1,17780.0,2015-08-25,9780399563300
375,Anthony Bourdain Remembered,CNN,4.53,208,Ecco,Nonfiction,0,1.0,2019-05-28,9781506700229
376,Anthony Bourdain: The Last Interview: And Other Conversations,Anthony Bourdain,3.96,208,Melville House Publishing,Nonfiction,0,3353.0,2019-08-29,9781616557904
377,Antoni in the Kitchen,Antoni Porowski,4.11,272,Rux Martin/Houghton Mifflin Harcourt,Food,0,124.0,2019-09-09,9781616558383
378,Any Day Now,Robyn Carr,4.12,400,MIRA,Romance,0,5756.0,2017-04-18,9781616557614
379,Any Dream Will Do,Debbie Macomber,3.98,310,Ballantine Books,Romance,0,12810.0,2017-08-08,9781616555504
380,Anyone but Ivy Pocket,Caleb Krisp,3.9,400,Greenwillow Books(first published April 9th 2015),Childrens,0,45.0,2015-04-21,9781419735042
381,Anything for You,Kristan Higgins,4.05,410,HQN Books,Romance,1,8454.0,2015-12-29,9780785190950
382,Anything Is Possible,Elizabeth Strout,3.75,254,Random House,Fiction,1,4781.0,2017-04-25,9780785190400
383,#IMomSoHard,Kristin Hensley,4.11,288,HarperOne,Add,0,140.0,2019-04-02,9781451664164
384,#NeverAgain: A New Generation Draws the Line,David  Hogg,4.18,165,Random House Trade,Nonfiction,0,23.0,2018-06-19,9780804140041
385,"F*ck, That's Delicious: An Annotated Guide to Eating Well",Action Bronson,4.17,192,Harry N. Abrams,Food,0,13.0,2017-09-12,9780374279929
386,10-Day Green Smoothie Cleanse: Lose Up to 15 Pounds in 10 Days!,J.J. Smith,4.12,167,Adiva Publishing(first published February 1st 2014),Health,0,60.0,2014-02-09,9781101993040
387,,,,,,,0,,,9780763669614
388,12: The Inside Story of Tom Brady's Fight for Redemption,Casey Sherman,3.93,320,"Little, Brown and Company",Sports,0,49.0,2018-07-31,9780545813877
389,15th Affair,James Patterson,4.09,351,"Little, Brown and Company",Mystery,1,281257.0,2016-05-02,9781982104030
390,#IMomSoHard,Kristin Hensley,4.11,288,HarperOne,Add,0,140.0,2019-04-02,9781524731656
391,#IMomSoHard,Kristin Hensley,4.11,288,HarperOne,Add,0,140.0,2019-04-02,9780062282712
392,#IMomSoHard,Kristin Hensley,4.11,288,HarperOne,Add,0,140.0,2019-04-02,9781596436695
393,#IMomSoHard,Kristin Hensley,4.11,288,HarperOne,Add,0,140.0,2019-04-02,9780316320429
394,#IMomSoHard,Kristin Hensley,4.11,288,HarperOne,Add,0,140.0,2019-04-02,9780316320399
395,#IMomSoHard,Kristin Hensley,4.11,288,HarperOne,Add,0,140.0,2019-04-02,9780062857699
